gender,image
Female,6647.jpg
Male,5246.jpg
Female,7123.jpg
Male,8631.jpg
Female,6682.jpg
Female,4924.jpg
Female,2580.jpg
Female,4780.jpg
Female,1839.jpg
Male,3556.jpg
Male,7713.jpg
Female,3834.jpg
Male,2166.jpg
Male,5010.jpg
Female,2998.jpg
Male,8697.jpg
Male,6264.jpg
Male,8241.jpg
Male,8502.jpg
Male,6610.jpg
Female,3617.jpg
Female,9383.jpg
Male,3451.jpg
Male,6668.jpg
Female,2323.jpg
Male,1235.jpg
Male,8620.jpg
Male,5865.jpg
Male,806.jpg
Male,7504.jpg
Male,3680.jpg
Female,7517.jpg
Male,10047.jpg
Male,7050.jpg
Male,8438.jpg
Female,9130.jpg
Female,3458.jpg
Female,6853.jpg
Female,67.jpg
Male,8720.jpg
Male,5396.jpg
Female,9588.jpg
Female,2014.jpg
Male,8010.jpg
Female,10077.jpg
Female,8415.jpg
Female,7246.jpg
Male,10729.jpg
Male,1267.jpg
Female,7734.jpg
Male,7553.jpg
Female,3871.jpg
Male,2779.jpg
Female,9138.jpg
Male,4091.jpg
Female,5038.jpg
Female,2468.jpg
Female,4767.jpg
Male,10697.jpg
Female,4962.jpg
Female,5515.jpg
Male,10845.jpg
Female,5439.jpg
Female,1268.jpg
Female,2974.jpg
Female,3538.jpg
Female,1335.jpg
Male,9185.jpg
Male,2263.jpg
Male,4336.jpg
Female,2807.jpg
Male,6096.jpg
Male,1069.jpg
Female,8690.jpg
Female,482.jpg
Female,3416.jpg
Female,4009.jpg
Male,4568.jpg
Female,2024.jpg
Female,5840.jpg
Female,9911.jpg
Female,9688.jpg
Female,20.jpg
Female,1417.jpg
Female,2380.jpg
Female,9199.jpg
Male,2208.jpg
Female,10454.jpg
Male,274.jpg
Female,6717.jpg
Male,7107.jpg
Male,7997.jpg
Female,5884.jpg
Female,10579.jpg
Female,2148.jpg
Female,8624.jpg
Male,2859.jpg
Female,10505.jpg
Female,3236.jpg
Male,371.jpg
Female,8529.jpg
Female,9640.jpg
Male,4146.jpg
Female,1804.jpg
Male,4723.jpg
Male,2616.jpg
Female,10325.jpg
Male,7363.jpg
Male,4682.jpg
Male,5448.jpg
Male,2068.jpg
Female,3180.jpg
Male,4084.jpg
Male,10575.jpg
Female,8182.jpg
Male,6573.jpg
Female,2132.jpg
Male,745.jpg
Female,5372.jpg
Male,4477.jpg
Female,2547.jpg
Female,3629.jpg
Male,10196.jpg
Male,10638.jpg
Male,9851.jpg
Female,6475.jpg
Male,3035.jpg
Male,10234.jpg
Female,298.jpg
Female,8961.jpg
Male,4701.jpg
Female,6267.jpg
Female,10648.jpg
Female,6292.jpg
Female,517.jpg
Female,7688.jpg
Male,10567.jpg
Male,9048.jpg
Female,7112.jpg
Female,9979.jpg
Female,7934.jpg
Female,5351.jpg
Male,6877.jpg
Male,1980.jpg
Male,5536.jpg
Male,6307.jpg
Female,1239.jpg
Female,10511.jpg
Female,8454.jpg
Male,9864.jpg
Male,3788.jpg
Male,6915.jpg
Male,8381.jpg
Female,77.jpg
Male,3427.jpg
Female,6203.jpg
Male,6518.jpg
Male,7297.jpg
Female,9747.jpg
Female,10361.jpg
Female,2473.jpg
Female,3871.jpg
Female,482.jpg
Male,2129.jpg
Female,8253.jpg
Male,7155.jpg
Female,6173.jpg
Female,8521.jpg
Male,1323.jpg
Male,534.jpg
Male,6230.jpg
Female,10914.jpg
Female,3012.jpg
Female,10001.jpg
Female,5488.jpg
Male,69.jpg
Male,8513.jpg
Female,3019.jpg
Male,6949.jpg
Female,2214.jpg
Female,5331.jpg
Male,4757.jpg
Female,5510.jpg
Female,8574.jpg
Female,3691.jpg
Female,8957.jpg
Female,4105.jpg
Female,1820.jpg
Female,3768.jpg
Male,6154.jpg
Female,9222.jpg
Female,1114.jpg
Female,764.jpg
Male,6800.jpg
Male,10520.jpg
Male,1896.jpg
Male,4097.jpg
Male,4038.jpg
Female,9699.jpg
Male,8854.jpg
Male,5741.jpg
Male,1414.jpg
Male,534.jpg
Male,9564.jpg
Male,4628.jpg
Male,1463.jpg
Male,5150.jpg
Male,9107.jpg
Male,3155.jpg
Male,9568.jpg
Female,2623.jpg
Male,3906.jpg
Male,5112.jpg
Male,10926.jpg
Female,8884.jpg
Male,6051.jpg
Female,1470.jpg
Male,2742.jpg
Female,9912.jpg
Male,3033.jpg
Male,4817.jpg
Male,5051.jpg
Female,3061.jpg
Female,7211.jpg
Male,642.jpg
Female,6802.jpg
Female,8089.jpg
Female,7640.jpg
Male,7474.jpg
Female,5738.jpg
Female,3175.jpg
Male,5942.jpg
Male,1517.jpg
Female,10079.jpg
Female,2639.jpg
Male,8258.jpg
Male,7317.jpg
Female,5768.jpg
Male,2915.jpg
Male,6349.jpg
Male,8551.jpg
Male,4687.jpg
Female,7209.jpg
Female,5889.jpg
Male,3268.jpg
Male,6416.jpg
Male,9598.jpg
Female,10871.jpg
Male,2699.jpg
Male,903.jpg
Male,635.jpg
Male,6393.jpg
Male,3438.jpg
Female,7211.jpg
Male,3826.jpg
Female,6898.jpg
Female,3324.jpg
Male,5393.jpg
Male,3749.jpg
Female,5891.jpg
Male,1748.jpg
Male,7387.jpg
Female,8598.jpg
Female,4960.jpg
Female,1333.jpg
Female,5505.jpg
Female,7942.jpg
Female,6074.jpg
Female,7282.jpg
Female,688.jpg
Female,2963.jpg
Female,4245.jpg
Male,9670.jpg
Male,758.jpg
Male,4420.jpg
Female,5909.jpg
Female,8023.jpg
Female,8521.jpg
Female,2818.jpg
Male,1638.jpg
Female,3553.jpg
Male,2587.jpg
Female,5237.jpg
Male,1701.jpg
Male,737.jpg
Female,10066.jpg
Male,853.jpg
Male,666.jpg
Female,397.jpg
Male,2164.jpg
Female,4789.jpg
Male,4144.jpg
Male,3779.jpg
Male,6517.jpg
Female,10153.jpg
Female,7083.jpg
Male,8860.jpg
Male,8607.jpg
Male,6610.jpg
Male,7394.jpg
Female,1175.jpg
Female,3487.jpg
Male,8834.jpg
Female,2919.jpg
Male,4718.jpg
Male,46.jpg
Male,4829.jpg
Male,8314.jpg
Male,6197.jpg
Female,6803.jpg
Male,3602.jpg
Female,7252.jpg
Female,5216.jpg
Male,9237.jpg
Male,8031.jpg
Male,977.jpg
Male,3436.jpg
Female,7294.jpg
Female,9821.jpg
Male,109.jpg
Female,10833.jpg
Female,1002.jpg
Female,4188.jpg
Male,1978.jpg
Male,4424.jpg
Female,3837.jpg
Female,5399.jpg
Female,8963.jpg
Female,3307.jpg
Female,1470.jpg
Male,10422.jpg
Male,8002.jpg
Female,6142.jpg
Female,4960.jpg
Male,10558.jpg
Male,6391.jpg
Female,439.jpg
Male,3540.jpg
Male,4832.jpg
Female,8098.jpg
Female,7849.jpg
Male,2986.jpg
Male,8502.jpg
Male,5390.jpg
Female,4177.jpg
Male,9562.jpg
Male,9996.jpg
Female,10267.jpg
Male,1472.jpg
Female,10811.jpg
Female,8816.jpg
Male,2868.jpg
Male,3385.jpg
Female,5484.jpg
Female,9104.jpg
Female,660.jpg
Female,10272.jpg
Male,3031.jpg
Male,1293.jpg
Female,2575.jpg
Female,10073.jpg
Female,7853.jpg
Male,1046.jpg
Male,8793.jpg
Male,4205.jpg
Male,10839.jpg
Male,5611.jpg
Male,3270.jpg
Male,6539.jpg
Male,3051.jpg
Male,9550.jpg
Female,1125.jpg
Male,6125.jpg
Female,5360.jpg
Male,1958.jpg
Male,7597.jpg
Male,8329.jpg
Male,1373.jpg
Female,4032.jpg
Female,451.jpg
Female,1925.jpg
Male,4040.jpg
Male,10182.jpg
Female,2499.jpg
Male,3076.jpg
Male,415.jpg
Female,3141.jpg
Female,1061.jpg
Male,8456.jpg
Female,2078.jpg
Male,10312.jpg
Male,10499.jpg
Female,4782.jpg
Female,5478.jpg
Male,10453.jpg
Female,8374.jpg
Female,6347.jpg
Male,6857.jpg
Female,9171.jpg
Female,5914.jpg
Male,9929.jpg
Male,5506.jpg
Male,3641.jpg
Female,3243.jpg
Male,8944.jpg
Female,10544.jpg
Male,5867.jpg
Female,7868.jpg
Male,580.jpg
Female,9561.jpg
Male,7362.jpg
Female,7919.jpg
Male,6787.jpg
Female,7788.jpg
Female,10343.jpg
Female,8621.jpg
Male,9244.jpg
Male,1277.jpg
Female,3558.jpg
Female,4082.jpg
Male,107.jpg
Male,1921.jpg
Male,4718.jpg
Female,1333.jpg
Female,5178.jpg
Female,7203.jpg
Female,1070.jpg
Female,671.jpg
Female,10079.jpg
Female,9322.jpg
Female,7176.jpg
Female,3841.jpg
Male,6490.jpg
Female,7041.jpg
Male,10839.jpg
Male,9811.jpg
Male,8958.jpg
Female,9965.jpg
Female,10531.jpg
Male,2076.jpg
Male,7298.jpg
Male,6973.jpg
Female,10050.jpg
Male,1603.jpg
Female,9277.jpg
Male,5210.jpg
Male,1664.jpg
Male,869.jpg
Male,522.jpg
Male,7796.jpg
Male,2991.jpg
Male,5656.jpg
Female,9108.jpg
Female,6511.jpg
Female,262.jpg
Female,9721.jpg
Male,528.jpg
Female,6299.jpg
Female,4188.jpg
Female,10032.jpg
Male,10763.jpg
Female,3997.jpg
Female,8871.jpg
Male,536.jpg
Male,1822.jpg
Female,10792.jpg
Female,5055.jpg
Female,5776.jpg
Male,5896.jpg
Female,541.jpg
Female,10899.jpg
Female,3347.jpg
Female,4864.jpg
Male,3359.jpg
Male,6912.jpg
Male,4294.jpg
Female,4042.jpg
Male,4756.jpg
Male,9604.jpg
Male,3916.jpg
Female,10294.jpg
Male,9886.jpg
Female,4564.jpg
Male,6532.jpg
Male,9368.jpg
Female,413.jpg
Male,1317.jpg
Male,5309.jpg
Female,6927.jpg
Male,9512.jpg
Male,6308.jpg
Female,8064.jpg
Male,3285.jpg
Male,9843.jpg
Female,7662.jpg
Male,5828.jpg
Male,3900.jpg
Female,9815.jpg
Female,1411.jpg
Female,9021.jpg
Female,3936.jpg
Female,9774.jpg
Female,4908.jpg
Male,1196.jpg
Male,88.jpg
Male,6982.jpg
Male,408.jpg
Female,8536.jpg
Male,7279.jpg
Female,950.jpg
Male,9080.jpg
Female,9443.jpg
Female,2539.jpg
Male,1732.jpg
Female,4994.jpg
Female,8444.jpg
Male,8453.jpg
Female,6415.jpg
Male,6648.jpg
Female,1370.jpg
Male,1676.jpg
Female,7909.jpg
Female,4925.jpg
Male,7145.jpg
Female,4684.jpg
Female,4045.jpg
Male,6367.jpg
Male,2810.jpg
Male,2374.jpg
Male,2923.jpg
Male,5663.jpg
Female,8515.jpg
Male,6550.jpg
Female,3332.jpg
Male,1894.jpg
Female,3336.jpg
Male,850.jpg
Male,2517.jpg
Female,9249.jpg
Female,10803.jpg
Male,4888.jpg
Female,9370.jpg
Male,111.jpg
Male,9857.jpg
Male,6306.jpg
Male,495.jpg
Male,3597.jpg
Male,5277.jpg
Female,4684.jpg
Female,7206.jpg
Female,4407.jpg
Male,4097.jpg
Female,7806.jpg
Female,9412.jpg
Female,8598.jpg
Male,1528.jpg
Male,9952.jpg
Male,7148.jpg
Female,2400.jpg
Male,2971.jpg
Male,6856.jpg
Female,459.jpg
Male,9296.jpg
Female,9138.jpg
Male,2360.jpg
Female,6180.jpg
Female,2112.jpg
Female,1988.jpg
Female,3260.jpg
Female,1758.jpg
Male,7003.jpg
Male,8494.jpg
Female,7108.jpg
Male,1939.jpg
Female,8093.jpg
Female,7929.jpg
Female,10510.jpg
Male,7398.jpg
Male,10302.jpg
Female,9262.jpg
Male,10114.jpg
Male,479.jpg
Male,37.jpg
Male,5419.jpg
Male,4630.jpg
Male,6469.jpg
Female,7731.jpg
Male,10161.jpg
Female,2488.jpg
Female,8964.jpg
Male,9608.jpg
Male,4373.jpg
Male,7572.jpg
Male,2728.jpg
Female,5476.jpg
Female,7945.jpg
Female,6920.jpg
Female,4643.jpg
Female,8961.jpg
Male,5620.jpg
Male,8988.jpg
Male,2172.jpg
Male,4227.jpg
Female,6952.jpg
Female,9646.jpg
Male,9206.jpg
Male,9582.jpg
Female,7206.jpg
Female,4651.jpg
Female,7228.jpg
Female,5470.jpg
Male,1983.jpg
Female,10748.jpg
Male,1292.jpg
Male,5759.jpg
Male,4421.jpg
Female,5264.jpg
Male,1853.jpg
Female,3357.jpg
Female,9310.jpg
Male,7594.jpg
Male,4577.jpg
Female,1566.jpg
Female,709.jpg
Female,5581.jpg
Male,6522.jpg
Female,6292.jpg
Female,1727.jpg
Female,6500.jpg
Male,2567.jpg
Female,4188.jpg
Female,10394.jpg
Male,6022.jpg
Female,10395.jpg
Female,4674.jpg
Female,564.jpg
Male,1363.jpg
Female,2806.jpg
Male,8209.jpg
Male,9284.jpg
Male,3239.jpg
Male,2337.jpg
Male,10844.jpg
Female,7092.jpg
Male,2142.jpg
Female,4649.jpg
Female,1657.jpg
Male,8766.jpg
Male,3858.jpg
Male,6280.jpg
Female,2473.jpg
Female,10055.jpg
Male,1073.jpg
Male,7716.jpg
Male,6909.jpg
Male,9372.jpg
Female,1424.jpg
Male,5101.jpg
Female,2767.jpg
Male,2898.jpg
Female,4501.jpg
Female,3357.jpg
Male,6612.jpg
Male,5222.jpg
Female,5903.jpg
Female,3762.jpg
Male,8149.jpg
Male,4599.jpg
Male,2699.jpg
Female,768.jpg
Female,5982.jpg
Male,602.jpg
Male,6744.jpg
Female,8297.jpg
Female,5813.jpg
Male,1488.jpg
Male,6199.jpg
Female,9148.jpg
Male,738.jpg
Male,8403.jpg
Female,998.jpg
Female,9802.jpg
Male,434.jpg
Female,5793.jpg
Female,6972.jpg
Male,3280.jpg
Male,9411.jpg
Female,10920.jpg
Female,9756.jpg
Female,3449.jpg
Female,7877.jpg
Male,10754.jpg
Female,288.jpg
Female,4652.jpg
Male,4575.jpg
Female,2139.jpg
Male,9969.jpg
Male,6471.jpg
Female,1721.jpg
Female,8193.jpg
Male,9234.jpg
Male,6329.jpg
Male,8675.jpg
Female,9763.jpg
Male,7261.jpg
Male,8005.jpg
Male,9060.jpg
Female,4358.jpg
Male,7169.jpg
Female,7422.jpg
Female,10459.jpg
Female,8778.jpg
Female,9390.jpg
Female,5830.jpg
Female,281.jpg
Male,7125.jpg
Female,9514.jpg
Female,8961.jpg
Male,4545.jpg
Female,8064.jpg
Male,6544.jpg
Male,3829.jpg
Female,2112.jpg
Female,5470.jpg
Female,9631.jpg
Male,5689.jpg
Female,2904.jpg
Male,4315.jpg
Male,10553.jpg
Female,4638.jpg
Female,6686.jpg
Male,669.jpg
Male,835.jpg
Male,6759.jpg
Male,8494.jpg
Male,4694.jpg
Male,9061.jpg
Female,2914.jpg
Male,7753.jpg
Male,7811.jpg
Male,10740.jpg
Male,2480.jpg
Female,1925.jpg
Female,5992.jpg
Female,1276.jpg
Male,3064.jpg
Female,8861.jpg
Female,3428.jpg
Female,5795.jpg
Male,3847.jpg
Male,7157.jpg
Female,9113.jpg
Male,4005.jpg
Male,5540.jpg
Male,10269.jpg
Male,4271.jpg
Male,6637.jpg
Male,3801.jpg
Male,6866.jpg
Male,9132.jpg
Female,6081.jpg
Male,9482.jpg
Male,9998.jpg
Male,2449.jpg
Female,3397.jpg
Male,2002.jpg
Male,10761.jpg
Male,7869.jpg
Male,8034.jpg
Female,1407.jpg
Female,3393.jpg
Female,6814.jpg
Male,1113.jpg
Male,6724.jpg
Male,3994.jpg
Female,4772.jpg
Male,5010.jpg
Male,7077.jpg
Female,9434.jpg
Male,9583.jpg
Male,2925.jpg
Male,10704.jpg
Female,5616.jpg
Male,7288.jpg
Male,4744.jpg
Male,4587.jpg
Female,5623.jpg
Male,7941.jpg
Male,10704.jpg
Female,1140.jpg
Male,5614.jpg
Male,3813.jpg
Male,4088.jpg
Female,4579.jpg
Male,816.jpg
Female,8662.jpg
Female,9350.jpg
Male,3880.jpg
Male,7847.jpg
Male,6566.jpg
Female,6825.jpg
Female,5464.jpg
Female,3222.jpg
Male,1142.jpg
Female,2395.jpg
Female,1507.jpg
Male,58.jpg
Male,6806.jpg
Male,3205.jpg
Female,9926.jpg
Female,3742.jpg
Male,6384.jpg
Female,7780.jpg
Female,1055.jpg
Female,10428.jpg
Male,10886.jpg
Male,2240.jpg
Male,1183.jpg
Male,10404.jpg
Female,6130.jpg
Female,7247.jpg
Male,7749.jpg
Female,5048.jpg
Female,7686.jpg
Male,1135.jpg
Male,3962.jpg
Male,6719.jpg
Male,4889.jpg
Female,4700.jpg
Male,2281.jpg
Male,2696.jpg
Male,4603.jpg
Male,7682.jpg
Male,7169.jpg
Male,8705.jpg
Male,5506.jpg
Female,5580.jpg
Female,631.jpg
Female,4058.jpg
Female,6369.jpg
Male,620.jpg
Male,7174.jpg
Male,1870.jpg
Male,1443.jpg
Female,5773.jpg
Female,967.jpg
Female,5085.jpg
Male,9495.jpg
Male,5101.jpg
Male,6530.jpg
Male,2366.jpg
Female,10245.jpg
Male,8543.jpg
Male,7043.jpg
Female,4607.jpg
Male,403.jpg
Female,7654.jpg
Female,9885.jpg
Male,4124.jpg
Male,10775.jpg
Male,6111.jpg
Female,3685.jpg
Male,3912.jpg
Male,5626.jpg
Male,6536.jpg
Male,1653.jpg
Female,1240.jpg
Female,325.jpg
Male,6769.jpg
Female,7312.jpg
Male,4594.jpg
Male,160.jpg
Male,5963.jpg
Female,4748.jpg
Female,9146.jpg
Male,2287.jpg
Female,7092.jpg
Female,4526.jpg
Male,316.jpg
Male,4716.jpg
Male,5010.jpg
Female,7178.jpg
Female,7780.jpg
Male,7550.jpg
Male,3674.jpg
Female,10542.jpg
Male,1696.jpg
Male,6522.jpg
Female,8093.jpg
Female,4839.jpg
Male,4911.jpg
Male,2980.jpg
Male,10229.jpg
Female,3635.jpg
Male,9456.jpg
Male,6235.jpg
Female,8967.jpg
Female,8603.jpg
Male,1927.jpg
Male,1475.jpg
Female,5661.jpg
Female,9193.jpg
Female,3598.jpg
Male,7337.jpg
Female,4440.jpg
Female,3425.jpg
Male,9905.jpg
Female,2862.jpg
Female,9835.jpg
Male,2574.jpg
Male,4028.jpg
Female,2846.jpg
Male,8944.jpg
Male,10773.jpg
Female,8833.jpg
Male,2304.jpg
Male,9684.jpg
Female,5551.jpg
Male,6787.jpg
Male,7527.jpg
Male,9207.jpg
Male,669.jpg
Male,8131.jpg
Female,5373.jpg
Male,8601.jpg
Male,7219.jpg
Male,4777.jpg
Female,7497.jpg
Female,4026.jpg
Male,9427.jpg
Female,1633.jpg
Male,6331.jpg
Female,3878.jpg
Female,986.jpg
Male,8269.jpg
Female,3632.jpg
Female,6623.jpg
Female,3693.jpg
Female,4919.jpg
Female,4882.jpg
Male,2193.jpg
Female,8120.jpg
Male,1096.jpg
Female,6565.jpg
Female,4406.jpg
Male,9639.jpg
Male,2280.jpg
Male,792.jpg
Male,2427.jpg
Female,7304.jpg
Female,993.jpg
Male,1451.jpg
Female,10055.jpg
Female,10279.jpg
Male,4845.jpg
Male,3852.jpg
Female,6351.jpg
Male,7906.jpg
Female,6062.jpg
Female,10909.jpg
Male,2480.jpg
Male,401.jpg
Male,9977.jpg
Female,2277.jpg
Male,9832.jpg
Female,10646.jpg
Male,4499.jpg
Female,9325.jpg
Female,3689.jpg
Female,2441.jpg
Male,6285.jpg
Female,9763.jpg
Female,10540.jpg
Female,9801.jpg
Female,4619.jpg
Female,9847.jpg
Male,7553.jpg
Female,586.jpg
Male,7011.jpg
Male,1881.jpg
Male,9704.jpg
Female,4822.jpg
Male,2234.jpg
Female,3222.jpg
Female,3660.jpg
Female,6360.jpg
Female,6173.jpg
Female,3232.jpg
Female,7545.jpg
Male,2453.jpg
Female,9198.jpg
Female,1362.jpg
Male,2281.jpg
Female,5958.jpg
Female,634.jpg
Male,8490.jpg
Female,2411.jpg
Male,3644.jpg
Male,8076.jpg
Male,4477.jpg
Male,2942.jpg
Female,8162.jpg
Male,3828.jpg
Male,4154.jpg
Male,7795.jpg
Female,3969.jpg
Male,1047.jpg
Male,7825.jpg
Female,5532.jpg
Male,2925.jpg
Male,4732.jpg
Female,6108.jpg
Male,478.jpg
Female,6503.jpg
Male,782.jpg
Female,5519.jpg
Male,9520.jpg
Female,3851.jpg
Female,3126.jpg
Female,1101.jpg
Male,8563.jpg
Male,9852.jpg
Female,2008.jpg
Female,2533.jpg
Female,10176.jpg
Female,183.jpg
Female,4898.jpg
Female,5698.jpg
Female,7355.jpg
Female,5544.jpg
Female,4390.jpg
Male,7314.jpg
Female,6887.jpg
Female,727.jpg
Male,2730.jpg
Female,3123.jpg
Female,10286.jpg
Male,3961.jpg
Male,7569.jpg
Female,424.jpg
Male,3387.jpg
Male,8266.jpg
Female,3545.jpg
Female,7971.jpg
Male,9654.jpg
Male,10280.jpg
Male,1996.jpg
Male,3004.jpg
Male,4533.jpg
Male,3373.jpg
Male,2735.jpg
Male,7415.jpg
Female,6971.jpg
Male,6283.jpg
Female,7167.jpg
Female,4451.jpg
Male,5916.jpg
Male,6580.jpg
Female,5955.jpg
Female,10842.jpg
Female,7834.jpg
Female,2853.jpg
Male,5151.jpg
Female,1105.jpg
Female,9663.jpg
Female,7131.jpg
Female,2641.jpg
Male,5374.jpg
Female,10949.jpg
Female,8377.jpg
Female,3425.jpg
Female,7339.jpg
Female,9090.jpg
Female,2695.jpg
Male,738.jpg
Male,3127.jpg
Female,6688.jpg
Male,1202.jpg
Female,3838.jpg
Female,4818.jpg
Female,3736.jpg
Male,8425.jpg
Female,5515.jpg
Female,3586.jpg
Male,4978.jpg
Female,9648.jpg
Female,5255.jpg
Female,5955.jpg
Male,6944.jpg
Male,6951.jpg
Female,4101.jpg
Male,3528.jpg
Male,7672.jpg
Female,1132.jpg
Female,3997.jpg
Female,8017.jpg
Male,5471.jpg
Male,10718.jpg
Female,516.jpg
Male,7946.jpg
Male,3042.jpg
Female,1097.jpg
Female,3045.jpg
Male,6190.jpg
Female,2379.jpg
Female,1375.jpg
Male,3959.jpg
Male,6634.jpg
Male,4088.jpg
Male,3250.jpg
Female,3029.jpg
Male,9293.jpg
Female,5478.jpg
Male,8730.jpg
Female,3032.jpg
Female,5097.jpg
Male,6376.jpg
Female,7662.jpg
Female,5261.jpg
Female,897.jpg
Female,4189.jpg
Male,8311.jpg
Female,9194.jpg
Female,10352.jpg
Male,8209.jpg
Male,10326.jpg
Male,6858.jpg
Female,8699.jpg
Female,9889.jpg
Female,6852.jpg
Female,7022.jpg
Female,5849.jpg
Male,5288.jpg
Male,2941.jpg
Male,10321.jpg
Female,6254.jpg
Male,744.jpg
Male,5737.jpg
Male,2477.jpg
Female,1591.jpg
Male,7386.jpg
Male,1113.jpg
Female,3272.jpg
Male,983.jpg
Male,7102.jpg
Male,3451.jpg
Male,10215.jpg
Male,6334.jpg
Female,4531.jpg
Female,10386.jpg
Male,7394.jpg
Male,10598.jpg
Female,8790.jpg
Male,1674.jpg
Female,7370.jpg
Female,6849.jpg
Female,4476.jpg
Male,881.jpg
Female,9774.jpg
Female,1730.jpg
Female,1785.jpg
Male,4261.jpg
Female,1758.jpg
Male,8735.jpg
Female,1265.jpg
Male,9711.jpg
Female,6700.jpg
Male,4961.jpg
Male,9869.jpg
Male,8232.jpg
Female,3807.jpg
Male,3582.jpg
Male,9903.jpg
Female,9500.jpg
Male,1595.jpg
Female,5267.jpg
Female,4316.jpg
Male,1213.jpg
Male,5491.jpg
Male,3189.jpg
Female,8475.jpg
Male,6441.jpg
Female,1502.jpg
Female,4930.jpg
Male,2946.jpg
Male,6221.jpg
Male,4336.jpg
Male,9469.jpg
Male,7045.jpg
Female,7806.jpg
Male,8226.jpg
Female,7551.jpg
Female,4351.jpg
Female,4353.jpg
Male,1869.jpg
Female,1820.jpg
Female,5423.jpg
Female,10903.jpg
Female,8278.jpg
Female,818.jpg
Female,2911.jpg
Female,3530.jpg
Male,8123.jpg
Female,8170.jpg
Female,1663.jpg
Female,10458.jpg
Male,1122.jpg
Male,9337.jpg
Female,6988.jpg
Male,7703.jpg
Female,5795.jpg
Male,5145.jpg
Male,1188.jpg
Male,4592.jpg
Male,8083.jpg
Male,3626.jpg
Female,861.jpg
Female,5541.jpg
Male,4584.jpg
Female,7558.jpg
Female,196.jpg
Female,10615.jpg
Male,3856.jpg
Male,9081.jpg
Male,5737.jpg
Male,850.jpg
Male,6869.jpg
Male,6929.jpg
Male,3441.jpg
Male,2978.jpg
Female,2617.jpg
Male,2734.jpg
Male,7071.jpg
Male,1382.jpg
Female,3376.jpg
Female,252.jpg
Male,4066.jpg
Female,5098.jpg
Male,6930.jpg
Male,380.jpg
Female,8887.jpg
Female,793.jpg
Male,8013.jpg
Female,1123.jpg
Male,3077.jpg
Female,2508.jpg
Female,9220.jpg
Male,3168.jpg
Male,942.jpg
Female,6165.jpg
Male,307.jpg
Male,963.jpg
Male,1046.jpg
Male,294.jpg
Female,1988.jpg
Male,3865.jpg
Male,3590.jpg
Male,3247.jpg
Male,3533.jpg
Male,6125.jpg
Female,2617.jpg
Female,5368.jpg
Male,7829.jpg
Male,1530.jpg
Female,6789.jpg
Female,2499.jpg
Female,1847.jpg
Male,1193.jpg
Female,3291.jpg
Female,5792.jpg
Male,2731.jpg
Male,2290.jpg
Female,10286.jpg
Female,4565.jpg
Male,4115.jpg
Female,907.jpg
Female,7453.jpg
Male,8431.jpg
Female,1578.jpg
Male,9611.jpg
Female,325.jpg
Male,3099.jpg
Female,3775.jpg
Male,5308.jpg
Female,2132.jpg
Male,10675.jpg
Female,4058.jpg
Male,7060.jpg
Female,392.jpg
Female,3928.jpg
Male,8309.jpg
Male,3847.jpg
Female,229.jpg
Male,4090.jpg
Female,9662.jpg
Male,3256.jpg
Female,9942.jpg
Male,8290.jpg
Male,8014.jpg
Female,451.jpg
Male,6720.jpg
Female,3589.jpg
Male,784.jpg
Female,1045.jpg
Female,1907.jpg
Male,5302.jpg
Female,2727.jpg
Male,10497.jpg
Male,7703.jpg
Male,5620.jpg
Male,2194.jpg
Female,3838.jpg
Male,5823.jpg
Female,9085.jpg
Male,5648.jpg
Male,8805.jpg
Female,6460.jpg
Female,4351.jpg
Female,9875.jpg
Female,7730.jpg
Male,1283.jpg
Female,8162.jpg
Female,7231.jpg
Male,109.jpg
Female,9148.jpg
Female,1145.jpg
Male,8539.jpg
Female,1424.jpg
Male,6212.jpg
Female,9726.jpg
Female,4538.jpg
Female,322.jpg
Male,6831.jpg
Male,5975.jpg
Male,10276.jpg
Male,7415.jpg
Female,3110.jpg
Female,9221.jpg
Male,2429.jpg
Female,6730.jpg
Female,7789.jpg
Female,8640.jpg
Female,8977.jpg
Male,5350.jpg
Female,8600.jpg
Male,9118.jpg
Male,8471.jpg
Female,4037.jpg
Male,1369.jpg
Female,2896.jpg
Female,467.jpg
Male,2968.jpg
Female,3493.jpg
Female,5014.jpg
Female,9874.jpg
Male,10069.jpg
Male,5737.jpg
Female,1407.jpg
Female,9034.jpg
Male,8115.jpg
Female,9960.jpg
Female,4367.jpg
Male,8897.jpg
Female,4860.jpg
Male,7097.jpg
Female,9972.jpg
Female,7900.jpg
Female,3758.jpg
Male,1166.jpg
Male,3510.jpg
Female,2896.jpg
Male,6713.jpg
Female,5681.jpg
Female,3978.jpg
Male,1196.jpg
Female,8205.jpg
Female,10051.jpg
Male,1392.jpg
Male,6197.jpg
Female,7022.jpg
Male,889.jpg
Female,7480.jpg
Female,6603.jpg
Male,9438.jpg
Male,8513.jpg
Female,9976.jpg
Male,8956.jpg
Male,5828.jpg
Male,2018.jpg
Male,6349.jpg
Female,10562.jpg
Male,5618.jpg
Female,8170.jpg
Female,2466.jpg
Male,10677.jpg
Female,9441.jpg
Female,5066.jpg
Male,3427.jpg
Female,10935.jpg
Male,223.jpg
Male,1567.jpg
Female,10625.jpg
Female,4979.jpg
Female,3969.jpg
Male,544.jpg
Female,4240.jpg
Male,6977.jpg
Female,565.jpg
Male,4292.jpg
Male,2553.jpg
Female,8796.jpg
Male,681.jpg
Male,2167.jpg
Female,2321.jpg
Male,6546.jpg
Male,7363.jpg
Female,7411.jpg
Male,5229.jpg
Male,6554.jpg
Female,5461.jpg
Female,1014.jpg
Male,2203.jpg
Male,3925.jpg
Female,10657.jpg
Female,4230.jpg
Female,7087.jpg
Male,9554.jpg
Male,9488.jpg
Female,9285.jpg
Female,9672.jpg
Female,9968.jpg
Male,7795.jpg
Female,10521.jpg
Female,1027.jpg
Male,7997.jpg
Male,4544.jpg
Female,7075.jpg
Male,1525.jpg
Female,10368.jpg
Female,4849.jpg
Male,129.jpg
Male,9261.jpg
Male,6524.jpg
Female,7653.jpg
Male,3270.jpg
Female,3404.jpg
Female,1354.jpg
Female,10018.jpg
Female,2541.jpg
Female,8422.jpg
Male,2718.jpg
Female,10680.jpg
Female,7225.jpg
Female,151.jpg
Male,10313.jpg
Female,10521.jpg
Male,9736.jpg
Male,4033.jpg
Male,7163.jpg
Female,7815.jpg
Male,4787.jpg
Male,6402.jpg
Male,6725.jpg
Female,634.jpg
Male,173.jpg
Male,2511.jpg
Male,712.jpg
Male,2841.jpg
Female,8994.jpg
Male,2921.jpg
Male,9536.jpg
Female,2499.jpg
Male,5606.jpg
Female,3331.jpg
Male,3628.jpg
Female,6237.jpg
Male,9768.jpg
Male,658.jpg
Male,10729.jpg
Female,2277.jpg
Female,5450.jpg
Female,5014.jpg
Male,4400.jpg
Female,867.jpg
Male,8328.jpg
Female,3374.jpg
Female,8144.jpg
Female,1064.jpg
Male,8992.jpg
Male,8231.jpg
Male,9123.jpg
Female,2820.jpg
Male,3676.jpg
Female,3316.jpg
Female,8627.jpg
Male,1468.jpg
Female,4759.jpg
Male,8753.jpg
Male,89.jpg
Male,5114.jpg
Male,193.jpg
Female,4291.jpg
Female,1812.jpg
Female,8673.jpg
Male,10475.jpg
Male,5654.jpg
Male,5243.jpg
Male,3512.jpg
Female,1707.jpg
Female,6171.jpg
Male,76.jpg
Female,3023.jpg
Female,8099.jpg
Male,3301.jpg
Female,326.jpg
Female,10920.jpg
Female,2828.jpg
Male,5732.jpg
Male,1800.jpg
Female,8306.jpg
Male,8053.jpg
Female,1302.jpg
Male,2234.jpg
Female,3105.jpg
Male,4816.jpg
Male,7698.jpg
Male,3059.jpg
Female,2977.jpg
Male,2059.jpg
Female,260.jpg
Male,7930.jpg
Female,10153.jpg
Male,5327.jpg
Female,4772.jpg
Male,10268.jpg
Male,9371.jpg
Male,4537.jpg
Female,8826.jpg
Male,9166.jpg
Female,4182.jpg
Male,5259.jpg
Female,7741.jpg
Female,5212.jpg
Female,6531.jpg
Female,4814.jpg
Male,473.jpg
Female,4436.jpg
Female,2917.jpg
Male,3824.jpg
Male,4215.jpg
Male,1867.jpg
Male,5683.jpg
Female,9698.jpg
Female,9409.jpg
Male,1053.jpg
Female,10681.jpg
Male,1622.jpg
Male,8403.jpg
Female,811.jpg
Female,9305.jpg
Male,468.jpg
Male,3239.jpg
Female,5947.jpg
Female,8252.jpg
Female,7742.jpg
Male,7492.jpg
Male,10227.jpg
Female,8946.jpg
Male,7921.jpg
Male,446.jpg
Male,7663.jpg
Female,10184.jpg
Female,3889.jpg
Male,3444.jpg
Male,958.jpg
Male,741.jpg
Female,4695.jpg
Female,5483.jpg
Male,4066.jpg
Female,3328.jpg
Male,4931.jpg
Female,4260.jpg
Male,2667.jpg
Male,1475.jpg
Female,9214.jpg
Female,9146.jpg
Female,6569.jpg
Male,4005.jpg
Male,1795.jpg
Female,4530.jpg
Male,7436.jpg
Female,10946.jpg
Male,10538.jpg
Male,1697.jpg
Female,2851.jpg
Male,4660.jpg
Male,4153.jpg
Male,2796.jpg
Female,8222.jpg
Male,1754.jpg
Female,4860.jpg
Female,991.jpg
Male,1170.jpg
Male,246.jpg
Female,9319.jpg
Male,2949.jpg
Male,10716.jpg
Female,1256.jpg
Female,10932.jpg
Female,2752.jpg
Male,4225.jpg
Female,2227.jpg
Male,2001.jpg
Male,9169.jpg
Male,2494.jpg
Male,1135.jpg
Male,8293.jpg
Male,9197.jpg
Male,1296.jpg
Female,234.jpg
Male,2138.jpg
Male,3396.jpg
Male,2136.jpg
Male,568.jpg
Female,996.jpg
Female,10758.jpg
Female,4269.jpg
Female,4147.jpg
Male,8450.jpg
Female,2954.jpg
Female,8895.jpg
Male,6127.jpg
Male,7607.jpg
Male,5659.jpg
Female,10206.jpg
Female,5526.jpg
Male,2629.jpg
Female,7312.jpg
Female,2083.jpg
Male,9819.jpg
Female,7922.jpg
Male,1973.jpg
Female,4454.jpg
Female,1173.jpg
Male,1473.jpg
Female,2112.jpg
Male,4987.jpg
Male,4922.jpg
Male,3918.jpg
Male,2929.jpg
Female,10709.jpg
Male,9895.jpg
Female,2032.jpg
Female,10343.jpg
Female,7579.jpg
Female,2744.jpg
Male,9071.jpg
Male,9518.jpg
Male,6309.jpg
Male,5479.jpg
Female,9484.jpg
Male,5917.jpg
Female,3614.jpg
Female,10022.jpg
Female,1552.jpg
Male,6592.jpg
Male,1715.jpg
Male,4935.jpg
Male,5706.jpg
Male,3699.jpg
Male,6923.jpg
Male,7690.jpg
Female,3642.jpg
Male,843.jpg
Male,3467.jpg
Female,7123.jpg
Female,1176.jpg
Female,5505.jpg
Male,6840.jpg
Male,8296.jpg
Male,6594.jpg
Female,101.jpg
Male,10718.jpg
Female,9603.jpg
Female,5697.jpg
Male,4595.jpg
Male,7244.jpg
Male,4907.jpg
Female,6649.jpg
Female,113.jpg
Female,7736.jpg
Female,7581.jpg
Female,6162.jpg
Female,374.jpg
Female,5329.jpg
Male,4513.jpg
Male,1524.jpg
Female,9722.jpg
Male,8449.jpg
Male,6755.jpg
Male,6355.jpg
Male,4886.jpg
Male,9933.jpg
Female,7133.jpg
Female,10903.jpg
Female,6898.jpg
Male,4091.jpg
Male,9293.jpg
Female,25.jpg
Male,10828.jpg
Female,2998.jpg
Female,3236.jpg
Male,732.jpg
Male,788.jpg
Male,9374.jpg
Male,5621.jpg
Male,7952.jpg
Female,4516.jpg
Female,8627.jpg
Male,4601.jpg
Female,7117.jpg
Male,4859.jpg
Female,5023.jpg
Female,1289.jpg
Male,10277.jpg
Male,8897.jpg
Male,2889.jpg
Male,781.jpg
Male,1811.jpg
Male,7955.jpg
Male,206.jpg
Female,10189.jpg
Female,8964.jpg
Male,2230.jpg
Male,9107.jpg
Female,6056.jpg
Female,5274.jpg
Male,6522.jpg
Female,2638.jpg
Male,9317.jpg
Female,4511.jpg
Female,6183.jpg
Male,10377.jpg
Female,171.jpg
Male,7323.jpg
Female,9909.jpg
Female,8575.jpg
Female,3745.jpg
Male,2530.jpg
Female,8775.jpg
Female,10118.jpg
Female,9149.jpg
Male,235.jpg
Male,5345.jpg
Male,10034.jpg
Male,2929.jpg
Male,3696.jpg
Male,3385.jpg
Male,10404.jpg
Male,3078.jpg
Male,8046.jpg
Male,2835.jpg
Female,5234.jpg
Male,4618.jpg
Male,6882.jpg
Male,5838.jpg
Male,3825.jpg
Male,6627.jpg
Male,7405.jpg
Female,9944.jpg
Female,6638.jpg
Male,1297.jpg
Female,2927.jpg
Female,7833.jpg
Female,6121.jpg
Female,4100.jpg
Female,1095.jpg
Male,3277.jpg
Female,8412.jpg
Male,7305.jpg
Male,9165.jpg
Female,10174.jpg
Male,7287.jpg
Female,6679.jpg
Female,9930.jpg
Female,917.jpg
Female,4876.jpg
Male,5197.jpg
Male,9380.jpg
Male,2073.jpg
Male,1903.jpg
Male,2838.jpg
Male,8106.jpg
Male,235.jpg
Male,2158.jpg
Female,5559.jpg
Female,6874.jpg
Female,1925.jpg
Male,1281.jpg
Male,7659.jpg
Male,7848.jpg
Male,1216.jpg
Male,4019.jpg
Female,7119.jpg
Female,4679.jpg
Male,980.jpg
Female,6239.jpg
Female,23.jpg
Female,9373.jpg
Female,1904.jpg
Female,452.jpg
Male,6668.jpg
Female,6379.jpg
Male,4923.jpg
Male,7001.jpg
Male,9623.jpg
Male,7506.jpg
Male,5408.jpg
Female,5733.jpg
Male,5495.jpg
Male,737.jpg
Male,1627.jpg
Female,9785.jpg
Male,5578.jpg
Female,8190.jpg
Male,2775.jpg
Male,8233.jpg
Female,7282.jpg
Female,7477.jpg
Female,3777.jpg
Female,10658.jpg
Male,10088.jpg
Male,5110.jpg
Male,6518.jpg
Female,10023.jpg
Female,5662.jpg
Female,6350.jpg
Male,10584.jpg
Male,9786.jpg
Female,6231.jpg
Male,1481.jpg
Female,3081.jpg
Male,10879.jpg
Male,1772.jpg
Male,3072.jpg
Male,5915.jpg
Female,6103.jpg
Male,8477.jpg
Male,8167.jpg
Female,2151.jpg
Female,6183.jpg
Female,7419.jpg
Female,1062.jpg
Male,5744.jpg
Male,7313.jpg
Female,6997.jpg
Male,160.jpg
Male,6821.jpg
Male,8294.jpg
Male,644.jpg
Female,2744.jpg
Male,2003.jpg
Male,9155.jpg
Male,4626.jpg
Male,10329.jpg
Male,10493.jpg
Male,10122.jpg
Male,7825.jpg
Female,3055.jpg
Male,6078.jpg
Female,5709.jpg
Male,6610.jpg
Male,1755.jpg
Male,8034.jpg
Female,8271.jpg
Male,5106.jpg
Female,1889.jpg
Male,7457.jpg
Female,6953.jpg
Male,2976.jpg
Female,6620.jpg
Female,8324.jpg
Male,9041.jpg
Male,9711.jpg
Male,2751.jpg
Female,4912.jpg
Male,6197.jpg
Male,3371.jpg
Male,1311.jpg
Female,6406.jpg
Male,9790.jpg
Female,9551.jpg
Male,454.jpg
Female,1048.jpg
Male,1931.jpg
Male,10408.jpg
Male,654.jpg
Female,7517.jpg
Female,1403.jpg
Female,8078.jpg
Male,8800.jpg
Female,2269.jpg
Female,9280.jpg
Male,7147.jpg
Male,7098.jpg
Female,2753.jpg
Female,471.jpg
Female,5234.jpg
Male,2939.jpg
Male,6020.jpg
Male,737.jpg
Male,2062.jpg
Female,8141.jpg
Male,10728.jpg
Female,9693.jpg
Male,357.jpg
Male,8081.jpg
Male,3496.jpg
Male,3462.jpg
Male,6114.jpg
Female,7460.jpg
Male,9700.jpg
Male,7439.jpg
Male,2866.jpg
Female,4379.jpg
Female,8467.jpg
Female,5283.jpg
Male,10939.jpg
Male,6771.jpg
Female,7762.jpg
Male,1342.jpg
Male,8219.jpg
Female,5212.jpg
Female,3635.jpg
Female,1365.jpg
Male,10124.jpg
Male,2193.jpg
Male,7348.jpg
Male,9899.jpg
Female,4855.jpg
Male,3255.jpg
Female,1306.jpg
Female,9503.jpg
Female,3053.jpg
Male,1534.jpg
Male,761.jpg
Male,10483.jpg
Male,736.jpg
Male,6192.jpg
Male,6421.jpg
Female,791.jpg
Female,10881.jpg
Male,5962.jpg
Female,1605.jpg
Female,812.jpg
Male,1975.jpg
Male,1093.jpg
Female,2641.jpg
Male,9928.jpg
Male,5123.jpg
Male,169.jpg
Male,10482.jpg
Male,6005.jpg
Male,3321.jpg
Male,6978.jpg
Male,738.jpg
Male,6111.jpg
Male,2184.jpg
Female,2533.jpg
Male,10649.jpg
Female,9487.jpg
Male,8209.jpg
Female,10544.jpg
Male,2726.jpg
Male,2984.jpg
Female,6341.jpg
Female,753.jpg
Female,10286.jpg
Female,7838.jpg
Female,1285.jpg
Male,8088.jpg
Female,8374.jpg
Male,10806.jpg
Male,7564.jpg
Male,8308.jpg
Male,7663.jpg
Male,4825.jpg
Female,6819.jpg
Female,7991.jpg
Male,9365.jpg
Female,768.jpg
Male,8187.jpg
Female,5177.jpg
Male,9023.jpg
Male,9873.jpg
Male,8610.jpg
Male,6793.jpg
Female,6706.jpg
Female,6804.jpg
Male,524.jpg
Female,1685.jpg
Male,2129.jpg
Female,7773.jpg
Female,9560.jpg
Female,6400.jpg
Male,9064.jpg
Male,10706.jpg
Male,8812.jpg
Female,9408.jpg
Male,9891.jpg
Female,9308.jpg
Female,2466.jpg
Male,7314.jpg
Male,6169.jpg
Male,8049.jpg
Female,8521.jpg
Female,10529.jpg
Male,2242.jpg
Female,6162.jpg
Female,3138.jpg
Female,2116.jpg
Male,6395.jpg
Female,108.jpg
Female,8413.jpg
Male,1563.jpg
Female,7106.jpg
Female,8799.jpg
Male,6999.jpg
Male,8011.jpg
Female,1935.jpg
Male,10185.jpg
Female,1431.jpg
Male,1032.jpg
Female,7172.jpg
Female,1720.jpg
Male,4830.jpg
Female,10019.jpg
Male,246.jpg
Male,2613.jpg
Male,10264.jpg
Female,4855.jpg
Male,3705.jpg
Male,2628.jpg
Female,10369.jpg
Female,1605.jpg
Male,2368.jpg
Male,3714.jpg
Female,7966.jpg
Male,4843.jpg
Female,9344.jpg
Female,5252.jpg
Female,5478.jpg
Female,7372.jpg
Male,9291.jpg
Female,859.jpg
Male,4671.jpg
Female,7303.jpg
Female,7767.jpg
Female,9660.jpg
Male,6840.jpg
Female,5765.jpg
Female,6736.jpg
Male,7045.jpg
Male,10034.jpg
Male,9670.jpg
Male,7705.jpg
Female,3668.jpg
Male,9144.jpg
Female,10360.jpg
Female,102.jpg
Male,8490.jpg
Male,3063.jpg
Male,9758.jpg
Male,8318.jpg
Male,9411.jpg
Female,1418.jpg
Male,7641.jpg
Male,7683.jpg
Male,3569.jpg
Male,7704.jpg
Male,7681.jpg
Male,1498.jpg
Male,202.jpg
Male,10251.jpg
Male,662.jpg
Male,8463.jpg
Female,2811.jpg
Male,7241.jpg
Male,5302.jpg
Male,1165.jpg
Female,8174.jpg
Female,5752.jpg
Male,8850.jpg
Female,4188.jpg
Female,7512.jpg
Male,7857.jpg
Female,9763.jpg
Female,4328.jpg
Female,480.jpg
Male,10270.jpg
Female,2312.jpg
Female,7282.jpg
Female,5518.jpg
Female,4222.jpg
Female,2633.jpg
Female,3442.jpg
Male,853.jpg
Male,4891.jpg
Male,10125.jpg
Female,5922.jpg
Male,2797.jpg
Male,38.jpg
Female,4983.jpg
Male,712.jpg
Female,2948.jpg
Female,10333.jpg
Male,652.jpg
Male,9580.jpg
Male,508.jpg
Female,10362.jpg
Female,6120.jpg
Male,1579.jpg
Male,10564.jpg
Female,8216.jpg
Female,5534.jpg
Male,3571.jpg
Male,3330.jpg
Male,8200.jpg
Female,6676.jpg
Female,9620.jpg
Female,7650.jpg
Female,655.jpg
Male,6883.jpg
Female,4343.jpg
Male,4050.jpg
Female,5055.jpg
Male,5327.jpg
Female,3834.jpg
Female,5386.jpg
Male,2036.jpg
Female,3905.jpg
Female,953.jpg
Female,1740.jpg
Female,228.jpg
Male,853.jpg
Male,4766.jpg
Male,4641.jpg
Female,5153.jpg
Female,10714.jpg
Male,4106.jpg
Female,494.jpg
Female,8560.jpg
Male,5059.jpg
Male,8084.jpg
Female,6171.jpg
Female,4305.jpg
Female,2846.jpg
Male,2271.jpg
Male,10.jpg
Male,9903.jpg
Female,1493.jpg
Male,6264.jpg
Male,96.jpg
Female,7058.jpg
Male,6840.jpg
Female,9547.jpg
Female,5397.jpg
Female,7915.jpg
Male,1088.jpg
Female,5661.jpg
Female,7119.jpg
Female,5526.jpg
Female,4137.jpg
Male,8232.jpg
Male,4628.jpg
Female,2811.jpg
Male,1343.jpg
Male,3857.jpg
Male,8097.jpg
Female,572.jpg
Female,9866.jpg
Female,15.jpg
Female,2288.jpg
Female,23.jpg
Male,1139.jpg
Male,2238.jpg
Male,8034.jpg
Female,6898.jpg
Male,7305.jpg
Male,2028.jpg
Female,8941.jpg
Male,7976.jpg
Male,420.jpg
Female,1899.jpg
Female,4483.jpg
Male,5309.jpg
Male,738.jpg
Male,940.jpg
Female,9690.jpg
Female,262.jpg
Male,3201.jpg
Male,6122.jpg
Male,8262.jpg
Female,3498.jpg
Female,7733.jpg
Male,454.jpg
Male,4006.jpg
Male,4040.jpg
Male,555.jpg
Male,2611.jpg
Male,251.jpg
Male,8734.jpg
Female,6301.jpg
Male,378.jpg
Male,2926.jpg
Female,4541.jpg
Male,771.jpg
Male,2629.jpg
Female,236.jpg
Female,9458.jpg
Female,2468.jpg
Male,6128.jpg
Female,8382.jpg
Female,6579.jpg
Male,3321.jpg
Female,2425.jpg
Female,2884.jpg
Female,6443.jpg
Male,1343.jpg
Female,9635.jpg
Female,1119.jpg
Female,7370.jpg
Female,10944.jpg
Male,6307.jpg
Male,10888.jpg
Male,8453.jpg
Male,6811.jpg
Female,7243.jpg
Female,5286.jpg
Male,390.jpg
Male,3695.jpg
Male,3221.jpg
Female,751.jpg
Female,7364.jpg
Male,1196.jpg
Female,4004.jpg
Male,6622.jpg
Female,3503.jpg
Male,7576.jpg
Male,5629.jpg
Female,4009.jpg
Male,7442.jpg
Male,3489.jpg
Male,6554.jpg
Male,10200.jpg
Male,312.jpg
Male,4479.jpg
Female,5616.jpg
Female,3838.jpg
Male,9957.jpg
Male,616.jpg
Male,10500.jpg
Male,7479.jpg
Male,2006.jpg
Male,4660.jpg
Female,3642.jpg
Female,4631.jpg
Male,5717.jpg
Female,3543.jpg
Male,7036.jpg
Male,6659.jpg
Female,8698.jpg
Male,5149.jpg
Female,3656.jpg
Female,3682.jpg
Male,5410.jpg
Female,6194.jpg
Male,1017.jpg
Male,1037.jpg
Female,4647.jpg
Male,4671.jpg
Female,1591.jpg
Female,5080.jpg
Male,2073.jpg
Female,10346.jpg
Female,7215.jpg
Female,1179.jpg
Female,270.jpg
Male,3030.jpg
Male,339.jpg
Male,9537.jpg
Female,9214.jpg
Female,9566.jpg
Male,10495.jpg
Male,6594.jpg
Male,5546.jpg
Male,2845.jpg
Female,8271.jpg
Male,725.jpg
Male,817.jpg
Female,9995.jpg
Female,9699.jpg
Female,198.jpg
Male,1283.jpg
Female,1742.jpg
Female,10310.jpg
Male,6093.jpg
Female,1103.jpg
Female,369.jpg
Female,6913.jpg
Male,8199.jpg
Female,6424.jpg
Male,8201.jpg
Male,7039.jpg
Female,5593.jpg
Female,10867.jpg
Male,642.jpg
Male,5573.jpg
Female,7979.jpg
Male,2031.jpg
Male,10799.jpg
Female,8586.jpg
Female,4347.jpg
Male,5402.jpg
Female,6398.jpg
Male,5402.jpg
Male,5916.jpg
Female,2548.jpg
Female,2056.jpg
Male,119.jpg
Female,10180.jpg
Female,8853.jpg
Male,2967.jpg
Male,7263.jpg
Female,2389.jpg
Male,5426.jpg
Male,6615.jpg
Female,6489.jpg
Female,6248.jpg
Male,7239.jpg
Male,10616.jpg
Male,6427.jpg
Female,9058.jpg
Female,7602.jpg
Male,2506.jpg
Male,2503.jpg
Male,7160.jpg
Female,1288.jpg
Male,3148.jpg
Female,4218.jpg
Female,2566.jpg
Female,7053.jpg
Female,9433.jpg
Male,489.jpg
Male,5355.jpg
Male,303.jpg
Female,7246.jpg
Male,10292.jpg
Male,3268.jpg
Female,1727.jpg
Female,4700.jpg
Male,2350.jpg
Female,9314.jpg
Male,974.jpg
Female,5483.jpg
Female,9967.jpg
Male,1868.jpg
Male,2426.jpg
Female,6102.jpg
Female,6880.jpg
Female,7859.jpg
Female,1501.jpg
Male,4376.jpg
Male,1120.jpg
Male,10761.jpg
Female,7892.jpg
Female,9685.jpg
Male,5447.jpg
Female,3135.jpg
Male,4904.jpg
Female,5153.jpg
Male,4536.jpg
Female,4908.jpg
Female,7973.jpg
Male,1606.jpg
Male,8670.jpg
Female,7423.jpg
Male,2725.jpg
Male,8650.jpg
Female,3452.jpg
Female,10932.jpg
Female,4503.jpg
Male,4227.jpg
Male,1469.jpg
Male,9247.jpg
Female,7246.jpg
Female,4520.jpg
Female,8823.jpg
Male,5039.jpg
Female,379.jpg
Female,3937.jpg
Female,5252.jpg
Female,4767.jpg
Male,8850.jpg
Female,2683.jpg
Female,8446.jpg
Female,5851.jpg
Female,8975.jpg
Male,4091.jpg
Male,6745.jpg
Female,4453.jpg
Female,5080.jpg
Male,3533.jpg
Female,5589.jpg
Male,10799.jpg
Female,4708.jpg
Male,10430.jpg
Female,4255.jpg
Male,7168.jpg
Female,8555.jpg
Male,9187.jpg
Male,2661.jpg
Female,322.jpg
Female,4273.jpg
Male,5028.jpg
Male,8241.jpg
Female,10310.jpg
Female,10334.jpg
Female,2823.jpg
Male,2865.jpg
Female,31.jpg
Female,6692.jpg
Male,408.jpg
Male,4829.jpg
Male,1227.jpg
Female,4871.jpg
Male,8543.jpg
Female,6002.jpg
Female,1719.jpg
Female,5566.jpg
Male,9977.jpg
Female,9043.jpg
Female,9934.jpg
Male,10912.jpg
Female,3963.jpg
Female,10547.jpg
Male,5940.jpg
Male,1293.jpg
Female,9054.jpg
Female,360.jpg
Female,1215.jpg
Female,4017.jpg
Female,9592.jpg
Male,2635.jpg
Female,4837.jpg
Male,4262.jpg
Male,10234.jpg
Male,9473.jpg
Female,6752.jpg
Female,5872.jpg
Male,7218.jpg
Female,1736.jpg
Female,8842.jpg
Female,3834.jpg
Female,8858.jpg
Male,8392.jpg
Male,3444.jpg
Male,9368.jpg
Male,9326.jpg
Male,6929.jpg
Female,5196.jpg
Male,8568.jpg
Male,8372.jpg
Female,2638.jpg
Female,6303.jpg
Male,3181.jpg
Male,8866.jpg
Female,3174.jpg
Female,3490.jpg
Male,3822.jpg
Female,3652.jpg
Male,4895.jpg
Female,5068.jpg
Female,4016.jpg
Female,1714.jpg
Female,125.jpg
Female,7117.jpg
Male,7547.jpg
Male,4922.jpg
Female,5604.jpg
Male,3157.jpg
Female,2767.jpg
Male,4002.jpg
Female,6752.jpg
Male,2067.jpg
Female,1288.jpg
Male,8002.jpg
Male,4973.jpg
Male,2988.jpg
Male,10866.jpg
Female,2091.jpg
Male,3958.jpg
Male,10564.jpg
Male,6469.jpg
Male,5933.jpg
Male,2092.jpg
Female,4846.jpg
Male,3514.jpg
Female,9299.jpg
Female,5645.jpg
Male,6236.jpg
Male,5304.jpg
Male,3182.jpg
Male,1851.jpg
Male,3664.jpg
Female,3946.jpg
Male,4569.jpg
Male,1348.jpg
Female,4171.jpg
Female,8198.jpg
Female,10734.jpg
Male,6629.jpg
Female,2557.jpg
Male,10374.jpg
Male,6054.jpg
Female,574.jpg
Male,2716.jpg
Female,8461.jpg
Male,3576.jpg
Male,3065.jpg
Female,10656.jpg
Male,4584.jpg
Male,2625.jpg
Male,5398.jpg
Male,7116.jpg
Female,4201.jpg
Female,3452.jpg
Female,431.jpg
Female,2414.jpg
Female,9930.jpg
Male,9366.jpg
Male,1980.jpg
Male,4153.jpg
Male,6923.jpg
Female,1270.jpg
Male,8142.jpg
Female,1889.jpg
Female,5418.jpg
Female,9860.jpg
Male,9573.jpg
Male,4515.jpg
Female,8169.jpg
Male,689.jpg
Female,3187.jpg
Male,8835.jpg
Male,2529.jpg
Male,8763.jpg
Male,6242.jpg
Female,1335.jpg
Female,4483.jpg
Male,3046.jpg
Female,2259.jpg
Female,10635.jpg
Male,7981.jpg
Female,7335.jpg
Female,1212.jpg
Male,9326.jpg
Female,5815.jpg
Male,5497.jpg
Male,9256.jpg
Female,4305.jpg
Female,3842.jpg
Male,10933.jpg
Female,5394.jpg
Male,6451.jpg
Female,4276.jpg
Male,2703.jpg
Male,8081.jpg
Female,5395.jpg
Female,8026.jpg
Female,2952.jpg
Male,4055.jpg
Female,2277.jpg
Male,10345.jpg
Female,1758.jpg
Male,6879.jpg
Female,5576.jpg
Male,4932.jpg
Male,9523.jpg
Male,6420.jpg
Female,5993.jpg
Male,5970.jpg
Male,8372.jpg
Female,4951.jpg
Female,4676.jpg
Female,6398.jpg
Male,3987.jpg
Male,2368.jpg
Female,7819.jpg
Female,3406.jpg
Female,4955.jpg
Male,4753.jpg
Male,1069.jpg
Female,7892.jpg
Male,4933.jpg
Male,10740.jpg
Female,3872.jpg
Male,4757.jpg
Male,3052.jpg
Female,4883.jpg
Male,5379.jpg
Male,1150.jpg
Female,10874.jpg
Male,7571.jpg
Male,2921.jpg
Male,9679.jpg
Male,8978.jpg
Female,2972.jpg
Female,443.jpg
Female,1257.jpg
Female,1070.jpg
Female,2707.jpg
Female,8222.jpg
Female,5523.jpg
Male,4779.jpg
Female,6987.jpg
Male,7951.jpg
Male,6973.jpg
Female,596.jpg
Female,10189.jpg
Female,3027.jpg
Female,5738.jpg
Female,2384.jpg
Female,2788.jpg
Male,8601.jpg
Male,1653.jpg
Male,432.jpg
Male,10894.jpg
Male,3728.jpg
Female,1401.jpg
Male,8671.jpg
Female,4651.jpg
Female,2492.jpg
Male,9022.jpg
Male,5683.jpg
Male,9324.jpg
Male,2619.jpg
Male,1933.jpg
Female,10708.jpg
Female,8185.jpg
Female,1224.jpg
Male,3358.jpg
Female,10054.jpg
Female,7840.jpg
Female,7065.jpg
Female,4473.jpg
Female,8217.jpg
Male,654.jpg
Male,3208.jpg
Female,1405.jpg
Female,3401.jpg
Female,9647.jpg
Male,1054.jpg
Female,9443.jpg
Female,9096.jpg
Male,3234.jpg
Female,7838.jpg
Male,9957.jpg
Female,10294.jpg
Male,8312.jpg
Male,9037.jpg
Male,2709.jpg
Female,4016.jpg
Female,3054.jpg
Male,3215.jpg
Female,6504.jpg
Male,10762.jpg
Male,1881.jpg
Male,2447.jpg
Male,8876.jpg
Male,4053.jpg
Female,2313.jpg
Male,129.jpg
Male,4867.jpg
Female,4188.jpg
Female,83.jpg
Female,4156.jpg
Female,5763.jpg
Female,753.jpg
Male,10826.jpg
Female,8570.jpg
Female,4494.jpg
Female,8719.jpg
Female,6006.jpg
Male,9838.jpg
Male,9806.jpg
Male,3149.jpg
Male,6096.jpg
Female,734.jpg
Male,3776.jpg
Female,5048.jpg
Male,8321.jpg
Male,9583.jpg
Male,1060.jpg
Male,9527.jpg
Female,7304.jpg
Female,1742.jpg
Female,8064.jpg
Female,4508.jpg
Female,4700.jpg
Female,2907.jpg
Male,250.jpg
Female,851.jpg
Male,4830.jpg
Female,7736.jpg
Female,7840.jpg
Male,7572.jpg
Female,4955.jpg
Male,9479.jpg
Female,3862.jpg
Male,10357.jpg
Female,9590.jpg
Male,4536.jpg
Male,3661.jpg
Male,10836.jpg
Male,7166.jpg
Male,8800.jpg
Male,9558.jpg
Female,8035.jpg
Male,4003.jpg
Male,5309.jpg
Male,7594.jpg
Male,8650.jpg
Female,8785.jpg
Female,7354.jpg
Female,10086.jpg
Female,564.jpg
Female,9075.jpg
Male,1588.jpg
Male,9947.jpg
Female,2853.jpg
Male,2517.jpg
Male,1920.jpg
Female,10030.jpg
Female,9825.jpg
Male,8512.jpg
Female,94.jpg
Male,8354.jpg
Male,10133.jpg
Male,6544.jpg
Male,1035.jpg
Male,5308.jpg
Male,5850.jpg
Male,1495.jpg
Male,1248.jpg
Female,7665.jpg
Male,10787.jpg
Male,4824.jpg
Male,965.jpg
Female,8236.jpg
Female,1794.jpg
Male,3274.jpg
Female,9091.jpg
Male,3949.jpg
Female,6586.jpg
Male,49.jpg
Male,10326.jpg
Male,8843.jpg
Female,8483.jpg
Male,6956.jpg
Female,9238.jpg
Male,8041.jpg
Female,5087.jpg
Male,10141.jpg
Female,10347.jpg
Female,4566.jpg
Female,3012.jpg
Male,10661.jpg
Male,350.jpg
Female,2262.jpg
Male,6280.jpg
Male,9228.jpg
Male,10207.jpg
Female,3428.jpg
Male,10122.jpg
Female,215.jpg
Female,5757.jpg
Male,4209.jpg
Female,5674.jpg
Female,5050.jpg
Male,7888.jpg
Male,10808.jpg
Female,6205.jpg
Female,7919.jpg
Female,8991.jpg
Male,10365.jpg
Male,5440.jpg
Male,9695.jpg
Male,942.jpg
Male,2427.jpg
Female,10723.jpg
Male,2199.jpg
Male,6322.jpg
Male,6269.jpg
Male,5342.jpg
Female,5869.jpg
Female,8896.jpg
Male,4804.jpg
Female,9113.jpg
Male,6571.jpg
Female,1397.jpg
Female,7029.jpg
Female,6824.jpg
Male,2918.jpg
Female,4378.jpg
Female,7357.jpg
Male,8329.jpg
Male,5568.jpg
Male,9078.jpg
Female,5371.jpg
Male,9284.jpg
Female,1347.jpg
Female,6252.jpg
Female,7296.jpg
Female,7293.jpg
Female,3818.jpg
Female,2070.jpg
Female,7759.jpg
Male,9256.jpg
Male,5782.jpg
Male,163.jpg
Female,9824.jpg
Female,7797.jpg
Male,10829.jpg
Male,1586.jpg
Female,2235.jpg
Male,2342.jpg
Male,7667.jpg
Male,606.jpg
Male,2077.jpg
Female,2961.jpg
Male,6958.jpg
Male,982.jpg
Male,2477.jpg
Male,6312.jpg
Male,9769.jpg
Female,8103.jpg
Female,4313.jpg
Male,5307.jpg
Male,8259.jpg
Female,3027.jpg
Male,10820.jpg
Male,4641.jpg
Female,1882.jpg
Female,6481.jpg
Male,5257.jpg
Male,4396.jpg
Male,2742.jpg
Male,9371.jpg
Male,10260.jpg
Female,5739.jpg
Female,3992.jpg
Female,5595.jpg
Male,5639.jpg
Female,9909.jpg
Male,8878.jpg
Female,2952.jpg
Female,684.jpg
Female,1991.jpg
Male,6720.jpg
Female,7335.jpg
Male,3205.jpg
Male,7751.jpg
Male,973.jpg
Male,2374.jpg
Female,8100.jpg
Male,7926.jpg
Male,9268.jpg
Male,9526.jpg
Male,6550.jpg
Female,2371.jpg
Female,122.jpg
Male,3770.jpg
Female,6326.jpg
Female,4622.jpg
Female,2721.jpg
Male,659.jpg
Female,6438.jpg
Male,58.jpg
Male,9413.jpg
Male,5379.jpg
Female,2032.jpg
Female,10938.jpg
Male,5466.jpg
Male,6532.jpg
Male,5504.jpg
Male,2866.jpg
Female,8257.jpg
Male,6325.jpg
Female,6674.jpg
Male,1861.jpg
Female,6351.jpg
Female,9436.jpg
Male,2082.jpg
Male,10700.jpg
Female,2638.jpg
Male,1376.jpg
Female,8240.jpg
Female,5935.jpg
Female,7533.jpg
Male,6999.jpg
Female,3748.jpg
Female,5255.jpg
Male,5083.jpg
Male,602.jpg
Female,6986.jpg
Female,3561.jpg
Female,3919.jpg
Male,2296.jpg
Male,9719.jpg
Female,4394.jpg
Female,5628.jpg
Male,1042.jpg
Female,5452.jpg
Female,9743.jpg
Male,1134.jpg
Female,4159.jpg
Male,9657.jpg
Male,6556.jpg
Female,9051.jpg
Female,5100.jpg
Female,329.jpg
Female,9748.jpg
Male,9935.jpg
Male,2725.jpg
Female,825.jpg
Male,696.jpg
Male,1444.jpg
Male,2404.jpg
Male,2609.jpg
Female,4358.jpg
Male,3375.jpg
Male,6573.jpg
Male,8846.jpg
Male,6845.jpg
Female,8118.jpg
Female,10602.jpg
Male,4743.jpg
Female,3944.jpg
Male,4947.jpg
Female,18.jpg
Male,7615.jpg
Female,3637.jpg
Male,4149.jpg
Male,6592.jpg
Male,5277.jpg
Female,328.jpg
Female,7686.jpg
Female,3161.jpg
Female,2659.jpg
Female,6511.jpg
Male,889.jpg
Female,1730.jpg
Female,3544.jpg
Male,8160.jpg
Female,2914.jpg
Female,10953.jpg
Male,1524.jpg
Male,10035.jpg
Male,828.jpg
Male,3364.jpg
Female,4274.jpg
Female,114.jpg
Female,7268.jpg
Female,4231.jpg
Female,7092.jpg
Male,7751.jpg
Female,4590.jpg
Female,397.jpg
Female,3603.jpg
Male,4935.jpg
Male,669.jpg
Female,6284.jpg
Female,2563.jpg
Male,555.jpg
Female,684.jpg
Male,10786.jpg
Female,6305.jpg
Female,6730.jpg
Male,10728.jpg
Female,10444.jpg
Male,4110.jpg
Male,4376.jpg
Female,968.jpg
Male,3571.jpg
Female,4898.jpg
Female,10953.jpg
Male,3092.jpg
Female,8955.jpg
Male,2467.jpg
Male,7848.jpg
Male,6958.jpg
Male,1082.jpg
Female,4657.jpg
Male,536.jpg
Female,584.jpg
Female,3240.jpg
Male,10160.jpg
Male,781.jpg
Male,1088.jpg
Female,8245.jpg
Female,2098.jpg
Female,2600.jpg
Male,10525.jpg
Male,8342.jpg
Female,7692.jpg
Male,1328.jpg
Female,2389.jpg
Female,907.jpg
Female,1619.jpg
Male,8605.jpg
Male,7240.jpg
Male,10101.jpg
Female,10645.jpg
Female,7283.jpg
Male,10573.jpg
Male,3020.jpg
Female,6014.jpg
Female,891.jpg
Male,8750.jpg
Female,1442.jpg
Male,8449.jpg
Female,5431.jpg
Male,4116.jpg
Male,9080.jpg
Male,4836.jpg
Female,9017.jpg
Male,9977.jpg
Female,2920.jpg
Male,4324.jpg
Female,10494.jpg
Female,10908.jpg
Male,10556.jpg
Female,10506.jpg
Male,7882.jpg
Female,10348.jpg
Female,5863.jpg
Male,7862.jpg
Male,7046.jpg
Male,1595.jpg
Male,7489.jpg
Female,4809.jpg
Female,7948.jpg
Female,10239.jpg
Female,3999.jpg
Male,7972.jpg
Male,1400.jpg
Male,3157.jpg
Female,10358.jpg
Male,8764.jpg
Female,1604.jpg
Male,9337.jpg
Male,3610.jpg
Female,3262.jpg
Male,504.jpg
Female,4598.jpg
Female,4811.jpg
Female,6716.jpg
Female,1129.jpg
Female,10511.jpg
Female,10413.jpg
Male,7433.jpg
Female,3481.jpg
Male,1150.jpg
Female,1041.jpg
Male,9746.jpg
Female,3428.jpg
Female,1789.jpg
Female,8815.jpg
Male,9269.jpg
Male,10702.jpg
Male,2332.jpg
Female,6443.jpg
Female,6819.jpg
Female,646.jpg
Female,1285.jpg
Male,1601.jpg
Female,1146.jpg
Female,6369.jpg
Female,80.jpg
Female,3236.jpg
Male,6893.jpg
Male,5744.jpg
Male,10795.jpg
Male,6276.jpg
Male,8805.jpg
Female,10929.jpg
Female,4950.jpg
Female,3954.jpg
Female,4407.jpg
Male,7183.jpg
Male,1035.jpg
Female,5303.jpg
Male,5135.jpg
Female,402.jpg
Male,2194.jpg
Female,3579.jpg
Female,10259.jpg
Female,3449.jpg
Male,3052.jpg
Male,7594.jpg
Male,182.jpg
Male,4915.jpg
Male,6177.jpg
Male,3571.jpg
Male,3679.jpg
Female,2665.jpg
Female,338.jpg
Female,6569.jpg
Male,10695.jpg
Male,7894.jpg
Male,5654.jpg
Male,4787.jpg
Female,9393.jpg
Male,4886.jpg
Female,6614.jpg
Female,10286.jpg
Female,2487.jpg
Female,383.jpg
Female,3689.jpg
Male,6401.jpg
Male,2840.jpg
Female,7892.jpg
Female,6233.jpg
Male,9470.jpg
Male,3386.jpg
Male,10832.jpg
Male,2177.jpg
Female,4937.jpg
Male,10849.jpg
Female,254.jpg
Male,2020.jpg
Male,1645.jpg
Male,1606.jpg
Female,1957.jpg
Female,4683.jpg
Female,5268.jpg
Female,1455.jpg
Male,3239.jpg
Female,2901.jpg
Male,7050.jpg
Female,7335.jpg
Female,10830.jpg
Male,6637.jpg
Female,2744.jpg
Male,6999.jpg
Male,1572.jpg
Female,4166.jpg
Female,10414.jpg
Female,6130.jpg
Female,9911.jpg
Male,6632.jpg
Male,9850.jpg
Female,3023.jpg
Female,456.jpg
Female,3286.jpg
Female,10657.jpg
Female,5510.jpg
Male,10688.jpg
Male,3904.jpg
Male,10429.jpg
Male,3350.jpg
Female,1875.jpg
Male,3846.jpg
Male,6122.jpg
Male,8876.jpg
Male,8671.jpg
Male,9989.jpg
Female,4366.jpg
Female,5373.jpg
Female,8024.jpg
Female,10658.jpg
Female,2985.jpg
Male,8416.jpg
Male,7750.jpg
Female,4037.jpg
Male,7445.jpg
Female,948.jpg
Female,1190.jpg
Male,3455.jpg
Female,7579.jpg
Female,2855.jpg
Male,10188.jpg
Male,3948.jpg
Female,4850.jpg
Male,10155.jpg
Female,9502.jpg
Male,5844.jpg
Male,1626.jpg
Male,10729.jpg
Female,10232.jpg
Female,810.jpg
Female,8064.jpg
Male,4646.jpg
Male,8609.jpg
Female,8195.jpg
Female,4997.jpg
Female,538.jpg
Male,8453.jpg
Female,10532.jpg
Female,507.jpg
Female,7069.jpg
Female,5077.jpg
Male,606.jpg
Male,38.jpg
Female,3673.jpg
Male,5598.jpg
Female,4337.jpg
Female,5286.jpg
Male,9695.jpg
Male,9538.jpg
Male,1024.jpg
Male,1449.jpg
Male,389.jpg
Male,9323.jpg
Male,8328.jpg
Female,10385.jpg
Female,2622.jpg
Female,1224.jpg
Female,5945.jpg
Male,2866.jpg
Male,10313.jpg
Male,8460.jpg
Male,10427.jpg
Female,5695.jpg
Male,3454.jpg
Female,7175.jpg
Female,1276.jpg
Female,9909.jpg
Female,7256.jpg
Male,9275.jpg
Male,1814.jpg
Male,332.jpg
Male,3731.jpg
Female,9908.jpg
Male,539.jpg
Male,7431.jpg
Male,10887.jpg
Female,9272.jpg
Male,4113.jpg
Female,845.jpg
Female,6681.jpg
Male,6871.jpg
Male,10785.jpg
Female,4643.jpg
Male,2586.jpg
Male,5253.jpg
Male,2798.jpg
Male,7377.jpg
Female,9402.jpg
Female,3748.jpg
Female,5147.jpg
Male,2120.jpg
Female,9987.jpg
Female,2617.jpg
Male,7501.jpg
Female,3598.jpg
Female,9263.jpg
Female,7303.jpg
Male,1279.jpg
Female,5560.jpg
Female,6148.jpg
Male,9431.jpg
Female,2343.jpg
Male,5553.jpg
Male,7601.jpg
Male,6462.jpg
Female,10019.jpg
Male,5961.jpg
Female,9628.jpg
Male,3147.jpg
Female,4579.jpg
Male,2486.jpg
Female,6443.jpg
Female,1476.jpg
Female,1986.jpg
Female,8292.jpg
Male,8585.jpg
Female,3521.jpg
Female,2623.jpg
Male,5446.jpg
Male,7168.jpg
Female,857.jpg
Male,8072.jpg
Male,1220.jpg
Male,9692.jpg
Male,2105.jpg
Female,5194.jpg
Female,4343.jpg
Male,5504.jpg
Female,4960.jpg
Male,3266.jpg
Male,9583.jpg
Male,964.jpg
Female,5029.jpg
Male,6912.jpg
Female,5874.jpg
Male,3025.jpg
Male,5463.jpg
Female,2338.jpg
Female,7684.jpg
Male,5321.jpg
Female,8896.jpg
Male,4459.jpg
Male,6643.jpg
Male,6078.jpg
Male,10418.jpg
Male,7352.jpg
Female,8057.jpg
Female,949.jpg
Male,662.jpg
Female,2435.jpg
Male,9015.jpg
Female,6707.jpg
Female,2534.jpg
Male,5800.jpg
Male,562.jpg
Male,5342.jpg
Female,4426.jpg
Male,7240.jpg
Male,8434.jpg
Female,3656.jpg
Female,10094.jpg
Male,4387.jpg
Male,2382.jpg
Male,4988.jpg
Female,5193.jpg
Female,6163.jpg
Male,8894.jpg
Female,6079.jpg
Male,7192.jpg
Male,3776.jpg
Male,4529.jpg
Female,7974.jpg
Female,6341.jpg
Male,6573.jpg
Female,3331.jpg
Female,7190.jpg
Female,4260.jpg
Female,1848.jpg
Male,9687.jpg
Male,1618.jpg
Female,6126.jpg
Male,6423.jpg
Female,1683.jpg
Male,8266.jpg
Female,9393.jpg
Male,4149.jpg
Female,6377.jpg
Male,7506.jpg
Female,1240.jpg
Female,3246.jpg
Male,166.jpg
Male,3128.jpg
Male,607.jpg
Female,5746.jpg
Male,7695.jpg
Male,3690.jpg
Female,10877.jpg
Female,340.jpg
Male,474.jpg
Male,2868.jpg
Male,2624.jpg
Male,2866.jpg
Male,6024.jpg
Male,8338.jpg
Female,4171.jpg
Male,2238.jpg
Female,10631.jpg
Female,9352.jpg
Male,6548.jpg
Female,7283.jpg
Male,10029.jpg
Male,10422.jpg
Female,1236.jpg
Male,5113.jpg
Female,1793.jpg
Male,8510.jpg
Male,5148.jpg
Male,8881.jpg
Male,10786.jpg
Female,4975.jpg
Female,1982.jpg
Male,4725.jpg
Female,2126.jpg
Female,3878.jpg
Male,2088.jpg
Male,8922.jpg
Female,6011.jpg
Male,9998.jpg
Female,1797.jpg
Male,6327.jpg
Male,4852.jpg
Female,8540.jpg
Female,6062.jpg
Male,7808.jpg
Female,6311.jpg
Female,9203.jpg
Male,7395.jpg
Female,2418.jpg
Female,3146.jpg
Male,5083.jpg
Male,10785.jpg
Male,8576.jpg
Female,3381.jpg
Male,3849.jpg
Female,10831.jpg
Female,10656.jpg
Male,4084.jpg
Male,3372.jpg
Female,5872.jpg
Male,2530.jpg
Female,5820.jpg
Male,2065.jpg
Female,5107.jpg
Female,9145.jpg
Male,8501.jpg
Female,8719.jpg
Female,2762.jpg
Female,2032.jpg
Male,3890.jpg
Male,6058.jpg
Male,3323.jpg
Female,2901.jpg
Female,1919.jpg
Female,1729.jpg
Male,2765.jpg
Female,800.jpg
Female,9919.jpg
Female,1332.jpg
Male,6744.jpg
Female,5125.jpg
Male,3996.jpg
Female,9603.jpg
Female,213.jpg
Female,7089.jpg
Female,6617.jpg
Female,9642.jpg
Female,3177.jpg
Female,1104.jpg
Male,2849.jpg
Female,4440.jpg
Male,6269.jpg
Male,2765.jpg
Female,1890.jpg
Male,5310.jpg
Male,3898.jpg
Male,10167.jpg
Female,3191.jpg
Male,4018.jpg
Female,1646.jpg
Female,2596.jpg
Male,9869.jpg
Female,6182.jpg
Male,2133.jpg
Female,9956.jpg
Male,4040.jpg
Female,10802.jpg
Female,1710.jpg
Male,1075.jpg
Male,3942.jpg
Male,4603.jpg
Female,9009.jpg
Male,3065.jpg
Male,6429.jpg
Female,10929.jpg
Male,835.jpg
Female,1429.jpg
Male,3064.jpg
Male,9608.jpg
Male,7003.jpg
Female,3019.jpg
Male,9478.jpg
Female,5427.jpg
Male,8389.jpg
Male,4122.jpg
Male,10528.jpg
Male,10808.jpg
Male,3823.jpg
Male,6439.jpg
Male,1586.jpg
Male,9714.jpg
Female,537.jpg
Female,2278.jpg
Female,5184.jpg
Male,8705.jpg
Female,5283.jpg
Male,7638.jpg
Female,4044.jpg
Female,2907.jpg
Female,9084.jpg
Male,7160.jpg
Female,6777.jpg
Male,9160.jpg
Male,6515.jpg
Female,9566.jpg
Male,5275.jpg
Female,3646.jpg
Female,801.jpg
Male,6245.jpg
Male,3169.jpg
Female,7338.jpg
Male,5247.jpg
Male,1449.jpg
Female,4142.jpg
Male,4154.jpg
Female,10579.jpg
Male,3832.jpg
Male,3557.jpg
Male,5564.jpg
Female,2520.jpg
Male,8124.jpg
Female,4979.jpg
Male,7992.jpg
Female,2912.jpg
Female,3923.jpg
Male,8787.jpg
Female,8017.jpg
Female,9617.jpg
Male,3299.jpg
Female,3545.jpg
Female,2990.jpg
Male,9016.jpg
Female,10189.jpg
Male,4599.jpg
Female,50.jpg
Female,4208.jpg
Male,4384.jpg
Male,5063.jpg
Female,3793.jpg
Male,8590.jpg
Male,9836.jpg
Male,8738.jpg
Male,8202.jpg
Male,9553.jpg
Male,1816.jpg
Female,3811.jpg
Female,6105.jpg
Male,1485.jpg
Female,9361.jpg
Female,2272.jpg
Female,4644.jpg
Female,3442.jpg
Male,10933.jpg
Female,10735.jpg
Male,5393.jpg
Male,7824.jpg
Male,8287.jpg
Female,628.jpg
Male,7212.jpg
Male,8034.jpg
Female,3648.jpg
Female,270.jpg
Male,1782.jpg
Female,9070.jpg
Male,2607.jpg
Female,6179.jpg
Male,495.jpg
Male,5189.jpg
Male,8337.jpg
Male,1000.jpg
Male,9731.jpg
Female,10243.jpg
Female,5425.jpg
Male,110.jpg
Male,742.jpg
Female,10601.jpg
Female,7301.jpg
Male,7842.jpg
Female,8584.jpg
Female,1560.jpg
Male,7712.jpg
Male,8721.jpg
Female,1763.jpg
Female,7776.jpg
Male,21.jpg
Female,950.jpg
Male,8818.jpg
Male,8880.jpg
Female,10279.jpg
Male,8477.jpg
Female,6552.jpg
Female,9802.jpg
Male,6109.jpg
Male,7016.jpg
Female,10248.jpg
Male,9836.jpg
Female,10813.jpg
Female,9009.jpg
Female,1041.jpg
Female,7114.jpg
Female,6461.jpg
Female,10249.jpg
Female,9266.jpg
Female,3978.jpg
Male,2937.jpg
Female,5331.jpg
Female,5177.jpg
Male,4121.jpg
Female,3819.jpg
Female,5384.jpg
Male,3690.jpg
Female,9360.jpg
Female,397.jpg
Male,2783.jpg
Female,2102.jpg
Female,1214.jpg
Female,10099.jpg
Female,10868.jpg
Male,1754.jpg
Female,4382.jpg
Male,5672.jpg
Male,5597.jpg
Male,3971.jpg
Female,6537.jpg
Female,1190.jpg
Female,1154.jpg
Male,1990.jpg
Female,3439.jpg
Male,2708.jpg
Female,2563.jpg
Female,424.jpg
Male,8403.jpg
Male,9016.jpg
Male,9446.jpg
Male,4736.jpg
Female,10291.jpg
Male,9761.jpg
Male,2662.jpg
Female,9119.jpg
Male,8471.jpg
Male,4525.jpg
Male,301.jpg
Female,4174.jpg
Female,4623.jpg
Female,1038.jpg
Female,10394.jpg
Female,7873.jpg
Female,5338.jpg
Male,5146.jpg
Male,4181.jpg
Male,8244.jpg
Female,4286.jpg
Male,8319.jpg
Male,5065.jpg
Male,3766.jpg
Male,1189.jpg
Female,4780.jpg
Female,5184.jpg
Female,2583.jpg
Male,3223.jpg
Male,6349.jpg
Male,6580.jpg
Male,5308.jpg
Male,8448.jpg
Female,770.jpg
Male,7600.jpg
Female,7966.jpg
Male,8456.jpg
Female,6326.jpg
Male,1473.jpg
Female,7357.jpg
Male,3977.jpg
Male,1579.jpg
Female,1484.jpg
Female,6641.jpg
Male,8215.jpg
Male,9076.jpg
Male,9169.jpg
Female,9193.jpg
Male,972.jpg
Male,8231.jpg
Male,10412.jpg
Male,10578.jpg
Female,6015.jpg
Male,10573.jpg
Female,9791.jpg
Male,3664.jpg
Female,8781.jpg
Male,5217.jpg
Female,2668.jpg
Female,9174.jpg
Male,6945.jpg
Female,6360.jpg
Female,2821.jpg
Female,4222.jpg
Male,774.jpg
Male,7184.jpg
Female,7019.jpg
Male,3670.jpg
Female,230.jpg
Female,5077.jpg
Male,5074.jpg
Male,6933.jpg
Male,9557.jpg
Male,3213.jpg
Female,5244.jpg
Male,3310.jpg
Female,1250.jpg
Female,9732.jpg
Male,5591.jpg
Male,2095.jpg
Male,6071.jpg
Female,7190.jpg
Male,6741.jpg
Male,403.jpg
Female,1756.jpg
Male,8241.jpg
Male,4226.jpg
Female,9859.jpg
Female,9663.jpg
Male,9992.jpg
Female,10758.jpg
Male,3528.jpg
Male,9431.jpg
Male,5536.jpg
Male,2553.jpg
Male,5726.jpg
Female,1065.jpg
Female,1719.jpg
Female,10177.jpg
Male,9129.jpg
Male,2729.jpg
Male,10110.jpg
Female,8693.jpg
Female,6676.jpg
Female,6032.jpg
Female,9513.jpg
Female,10637.jpg
Male,4568.jpg
Female,1480.jpg
Male,9332.jpg
Female,10318.jpg
Male,10619.jpg
Female,1808.jpg
Male,4146.jpg
Female,9316.jpg
Female,7806.jpg
Male,2986.jpg
Female,934.jpg
Male,3396.jpg
Female,2163.jpg
Male,7273.jpg
Male,2939.jpg
Male,4387.jpg
Male,2120.jpg
Female,3751.jpg
Male,4911.jpg
Female,10018.jpg
Male,3876.jpg
Male,8588.jpg
Male,389.jpg
Male,4051.jpg
Male,7244.jpg
Female,8249.jpg
Female,870.jpg
Male,5613.jpg
Male,739.jpg
Female,6794.jpg
Female,8164.jpg
Female,1043.jpg
Female,1558.jpg
Male,5313.jpg
Male,7543.jpg
Male,2333.jpg
Male,4923.jpg
Male,5276.jpg
Male,6172.jpg
Male,3499.jpg
Male,2689.jpg
Male,10520.jpg
Female,10871.jpg
Female,10059.jpg
Male,4113.jpg
Female,8104.jpg
Female,9307.jpg
Male,6872.jpg
Female,8841.jpg
Female,5185.jpg
Male,1094.jpg
Male,2158.jpg
Female,6143.jpg
Male,4830.jpg
Male,268.jpg
Male,8944.jpg
Female,8765.jpg
Male,4256.jpg
Male,4557.jpg
Male,7727.jpg
Male,9055.jpg
Female,4024.jpg
Male,874.jpg
Male,4306.jpg
Female,2907.jpg
Male,356.jpg
Male,6133.jpg
Female,2874.jpg
Female,7040.jpg
Male,4011.jpg
Male,8010.jpg
Male,1271.jpg
Female,9500.jpg
Female,5293.jpg
Male,8215.jpg
Female,5848.jpg
Female,8726.jpg
Male,1485.jpg
Male,804.jpg
Male,1896.jpg
Male,6845.jpg
Female,519.jpg
Female,9888.jpg
Male,490.jpg
Female,10375.jpg
Female,9686.jpg
Male,3208.jpg
Male,10082.jpg
Male,7352.jpg
Male,2749.jpg
Female,2578.jpg
Male,10921.jpg
Male,10451.jpg
Male,9323.jpg
Female,2702.jpg
Female,6926.jpg
Male,1606.jpg
Male,3512.jpg
Male,2420.jpg
Female,10204.jpg
Female,9866.jpg
Male,8721.jpg
Male,6399.jpg
Female,6182.jpg
Female,7068.jpg
Male,7261.jpg
Female,2098.jpg
Male,6016.jpg
Male,6353.jpg
Female,8360.jpg
Male,2909.jpg
Male,2458.jpg
Male,10558.jpg
Female,1797.jpg
Female,6173.jpg
Female,7706.jpg
Male,7804.jpg
Male,3218.jpg
Male,6451.jpg
Female,7570.jpg
Female,3186.jpg
Female,6657.jpg
Female,3012.jpg
Female,186.jpg
Female,7707.jpg
Female,308.jpg
Male,597.jpg
Female,7411.jpg
Male,9202.jpg
Male,4443.jpg
Male,6172.jpg
Male,7851.jpg
Male,8202.jpg
Male,4753.jpg
Male,4872.jpg
Female,7799.jpg
Male,2699.jpg
Male,10600.jpg
Male,8456.jpg
Female,6604.jpg
Male,140.jpg
Male,1826.jpg
Male,9705.jpg
Male,522.jpg
Female,6032.jpg
Female,5909.jpg
Male,3197.jpg
Female,7709.jpg
Male,4467.jpg
Female,4759.jpg
Female,4163.jpg
Male,7128.jpg
Male,246.jpg
Male,7698.jpg
Female,4619.jpg
Male,6702.jpg
Male,1263.jpg
Female,8102.jpg
Female,7523.jpg
Female,9074.jpg
Female,6808.jpg
Female,1678.jpg
Male,8232.jpg
Female,9364.jpg
Female,3724.jpg
Male,2577.jpg
Male,3182.jpg
Male,5202.jpg
Female,7907.jpg
Female,10949.jpg
Female,9286.jpg
Female,5701.jpg
Female,10940.jpg
Female,3505.jpg
Female,386.jpg
Male,747.jpg
Male,7566.jpg
Male,5096.jpg
Male,1011.jpg
Male,10475.jpg
Female,785.jpg
Female,6572.jpg
Female,5036.jpg
Male,225.jpg
Female,7022.jpg
Male,9012.jpg
Male,1313.jpg
Female,10043.jpg
Male,38.jpg
Male,9881.jpg
Female,7133.jpg
Male,7240.jpg
Male,7557.jpg
Male,3845.jpg
Male,10622.jpg
Female,3222.jpg
Male,6433.jpg
Female,5645.jpg
Female,3932.jpg
Female,7014.jpg
Female,4598.jpg
Female,2341.jpg
Male,648.jpg
Male,3358.jpg
Female,238.jpg
Male,10016.jpg
Female,1857.jpg
Male,4420.jpg
Male,3641.jpg
Female,5875.jpg
Female,550.jpg
Female,4665.jpg
Male,8209.jpg
Female,6792.jpg
Female,10369.jpg
Male,7381.jpg
Female,987.jpg
Male,9618.jpg
Female,5968.jpg
Female,10635.jpg
Male,2887.jpg
Male,1082.jpg
Female,4037.jpg
Male,4900.jpg
Male,2879.jpg
Female,5503.jpg
Female,3743.jpg
Female,6696.jpg
Female,6780.jpg
Female,5986.jpg
Male,474.jpg
Female,8819.jpg
Male,7612.jpg
Male,126.jpg
Male,204.jpg
Female,3598.jpg
Male,9024.jpg
Female,2155.jpg
Female,2739.jpg
Male,10036.jpg
Male,5477.jpg
Male,1110.jpg
Male,2089.jpg
Female,423.jpg
Female,5703.jpg
Male,5708.jpg
Male,7980.jpg
Male,9296.jpg
Female,1720.jpg
Male,945.jpg
Female,3232.jpg
Male,7937.jpg
Male,9630.jpg
Female,10459.jpg
Female,2475.jpg
Female,1698.jpg
Female,3481.jpg
Male,7020.jpg
Male,8820.jpg
Female,6605.jpg
Female,3970.jpg
Female,4020.jpg
Male,7746.jpg
Male,10819.jpg
Male,7011.jpg
Female,9646.jpg
Male,820.jpg
Male,3605.jpg
Female,8073.jpg
Female,10317.jpg
Female,3287.jpg
Male,8829.jpg
Female,6341.jpg
Male,10507.jpg
Male,2777.jpg
Female,8274.jpg
Female,6352.jpg
Female,1663.jpg
Male,6225.jpg
Male,3117.jpg
Female,5474.jpg
Male,5817.jpg
Male,5570.jpg
Male,1741.jpg
Male,9071.jpg
Male,4387.jpg
Female,1943.jpg
Female,5936.jpg
Female,9003.jpg
Male,10526.jpg
Male,7750.jpg
Female,559.jpg
Female,7161.jpg
Male,6897.jpg
Female,9577.jpg
Female,4182.jpg
Male,6863.jpg
Male,1932.jpg
Female,4739.jpg
Male,8836.jpg
Male,5530.jpg
Male,4455.jpg
Male,4938.jpg
Female,4502.jpg
Female,645.jpg
Male,5500.jpg
Female,10942.jpg
Male,1939.jpg
Female,4186.jpg
Female,7383.jpg
Female,7033.jpg
Female,1712.jpg
Male,5442.jpg
Male,10575.jpg
Female,5812.jpg
Male,4578.jpg
Male,9717.jpg
Male,355.jpg
Female,6449.jpg
Male,9951.jpg
Male,3189.jpg
Male,2483.jpg
Female,5077.jpg
Male,10954.jpg
Male,7251.jpg
Male,7680.jpg
Male,8447.jpg
Male,6751.jpg
Male,728.jpg
Female,10893.jpg
Male,9562.jpg
Female,9085.jpg
Male,6510.jpg
Male,1987.jpg
Male,2463.jpg
Male,8730.jpg
Male,10772.jpg
Male,1521.jpg
Female,3122.jpg
Female,6287.jpg
Male,1081.jpg
Female,50.jpg
Male,2967.jpg
Male,2735.jpg
Female,1957.jpg
Male,823.jpg
Female,664.jpg
Male,10910.jpg
Female,4604.jpg
Male,3355.jpg
Female,5834.jpg
Male,6423.jpg
Female,10413.jpg
Female,3426.jpg
Female,2650.jpg
Female,9434.jpg
Female,1767.jpg
Male,4123.jpg
Male,5335.jpg
Female,6371.jpg
Female,9916.jpg
Male,10029.jpg
Male,10451.jpg
Male,7310.jpg
Male,2409.jpg
Female,8739.jpg
Female,8139.jpg
Female,7700.jpg
Female,5951.jpg
Female,4864.jpg
Female,471.jpg
Male,6230.jpg
Male,3501.jpg
Male,1093.jpg
Female,6478.jpg
Male,7439.jpg
Male,6269.jpg
Female,4354.jpg
Female,5703.jpg
Male,5006.jpg
Female,8938.jpg
Male,8041.jpg
Male,8395.jpg
Female,1730.jpg
Male,1544.jpg
Female,5967.jpg
Male,1121.jpg
Male,8519.jpg
Male,784.jpg
Female,5068.jpg
Male,8069.jpg
Female,6339.jpg
Female,7843.jpg
Female,3468.jpg
Female,5087.jpg
Female,7380.jpg
Female,5806.jpg
Female,3985.jpg
Male,10904.jpg
Male,2504.jpg
Male,4703.jpg
Male,8797.jpg
Female,3480.jpg
Female,10346.jpg
Male,10605.jpg
Male,4963.jpg
Female,2217.jpg
Male,9528.jpg
Male,10095.jpg
Male,10128.jpg
Male,7278.jpg
Female,3232.jpg
Male,7464.jpg
Female,8640.jpg
Male,2945.jpg
Female,917.jpg
Female,5697.jpg
Male,5440.jpg
Male,10200.jpg
Male,10897.jpg
Male,6607.jpg
Male,9837.jpg
Male,3616.jpg
Female,497.jpg
Female,6926.jpg
Male,1551.jpg
Female,10183.jpg
Male,7345.jpg
Male,7599.jpg
Male,7980.jpg
Male,2219.jpg
Male,6472.jpg
Male,2958.jpg
Female,5013.jpg
Female,7475.jpg
Female,1045.jpg
Female,901.jpg
Female,1507.jpg
Female,906.jpg
Male,6758.jpg
Male,2065.jpg
Female,5596.jpg
Male,5781.jpg
Female,5543.jpg
Male,6319.jpg
Male,9250.jpg
Male,8502.jpg
Female,4780.jpg
Male,10477.jpg
Female,6687.jpg
Male,2726.jpg
Male,331.jpg
Female,4619.jpg
Male,4669.jpg
Male,9977.jpg
Male,6401.jpg
Female,10170.jpg
Male,10923.jpg
Female,44.jpg
Female,8789.jpg
Female,2650.jpg
Female,1312.jpg
Male,10943.jpg
Male,8177.jpg
Male,8353.jpg
Male,5855.jpg
Female,6671.jpg
Male,9818.jpg
Female,8974.jpg
Female,4069.jpg
Female,967.jpg
Female,2468.jpg
Male,10048.jpg
Female,3195.jpg
Female,2851.jpg
Male,4796.jpg
Female,1631.jpg
Female,9398.jpg
Female,4314.jpg
Female,3903.jpg
Male,3151.jpg
Female,1864.jpg
Female,7237.jpg
Male,1343.jpg
Male,7683.jpg
Female,8393.jpg
Male,1814.jpg
Male,8504.jpg
Female,1700.jpg
Female,1295.jpg
Female,9464.jpg
Male,10098.jpg
Male,8124.jpg
Male,10785.jpg
Male,10704.jpg
Male,4002.jpg
Female,1270.jpg
Male,1435.jpg
Male,3131.jpg
Female,8359.jpg
Male,7566.jpg
Male,7444.jpg
Male,1244.jpg
Male,403.jpg
Female,4543.jpg
Female,10134.jpg
Male,3891.jpg
Female,3522.jpg
Male,8218.jpg
Male,4957.jpg
Female,8445.jpg
Female,7532.jpg
Male,9709.jpg
Male,9701.jpg
Female,6003.jpg
Female,7030.jpg
Female,6386.jpg
Female,1354.jpg
Female,3122.jpg
Male,8910.jpg
Male,1914.jpg
Female,6442.jpg
Male,7702.jpg
Female,9827.jpg
Male,2157.jpg
Male,9492.jpg
Female,1128.jpg
Male,8355.jpg
Male,963.jpg
Male,2415.jpg
Male,1144.jpg
Female,3493.jpg
Male,8679.jpg
Female,8358.jpg
Female,7078.jpg
Male,2077.jpg
Female,876.jpg
Male,9195.jpg
Female,6211.jpg
Male,6520.jpg
Female,3740.jpg
Female,9798.jpg
Male,3904.jpg
Female,10889.jpg
Female,3040.jpg
Male,2847.jpg
Female,3598.jpg
Male,799.jpg
Male,3270.jpg
Female,23.jpg
Female,2846.jpg
Male,7559.jpg
Male,2243.jpg
Male,8535.jpg
Female,2563.jpg
Male,4868.jpg
Male,6053.jpg
Male,6445.jpg
Male,1655.jpg
Female,9591.jpg
Female,8009.jpg
Male,3633.jpg
Female,10870.jpg
Male,2860.jpg
Female,9801.jpg
Male,2803.jpg
Female,10204.jpg
Male,7569.jpg
Female,10406.jpg
Female,8119.jpg
Male,4804.jpg
Male,2280.jpg
Female,1730.jpg
Male,7274.jpg
Female,4321.jpg
Female,6742.jpg
Male,9707.jpg
Male,5797.jpg
Female,2116.jpg
Male,10114.jpg
Female,10249.jpg
Male,1732.jpg
Female,2030.jpg
Female,5514.jpg
Male,6355.jpg
Male,10586.jpg
Male,9015.jpg
Female,5905.jpg
Female,8190.jpg
Male,5761.jpg
Male,1390.jpg
Female,418.jpg
Male,733.jpg
Female,3537.jpg
Female,5228.jpg
Female,7503.jpg
Male,10047.jpg
Male,5877.jpg
Male,355.jpg
Male,10188.jpg
Female,3793.jpg
Male,5894.jpg
Female,2237.jpg
Female,4208.jpg
Female,1813.jpg
Female,1804.jpg
Male,8576.jpg
Male,1865.jpg
Male,2504.jpg
Male,4889.jpg
Female,9387.jpg
Male,9806.jpg
Male,6499.jpg
Male,245.jpg
Female,318.jpg
Male,6994.jpg
Male,9053.jpg
Female,8527.jpg
Male,823.jpg
Male,8757.jpg
Male,9604.jpg
Female,7312.jpg
Female,7380.jpg
Male,7629.jpg
Male,3395.jpg
Female,10936.jpg
Female,3283.jpg
Male,9516.jpg
Female,4100.jpg
Female,2079.jpg
Male,696.jpg
Male,2700.jpg
Male,8325.jpg
Male,3883.jpg
Female,10601.jpg
Male,8616.jpg
Female,2564.jpg
Male,1530.jpg
Female,1484.jpg
Female,510.jpg
Female,2093.jpg
Male,2337.jpg
Male,970.jpg
Female,6748.jpg
Male,408.jpg
Male,5578.jpg
Male,3534.jpg
Female,6444.jpg
Male,6856.jpg
Male,8767.jpg
Male,9584.jpg
Male,4760.jpg
Male,9850.jpg
Female,3445.jpg
Female,10646.jpg
Female,8781.jpg
Male,5614.jpg
Female,8462.jpg
Male,6754.jpg
Male,10161.jpg
Male,7288.jpg
Female,6808.jpg
Male,92.jpg
Male,5346.jpg
Male,738.jpg
Male,989.jpg
Female,5143.jpg
Male,2777.jpg
Male,5359.jpg
Male,10432.jpg
Male,4540.jpg
Female,4974.jpg
Male,10112.jpg
Female,1925.jpg
Female,2508.jpg
Male,8516.jpg
Female,3889.jpg
Female,10015.jpg
Female,2752.jpg
Female,8649.jpg
Female,3391.jpg
Male,2835.jpg
Female,7573.jpg
Male,4335.jpg
Male,7911.jpg
Male,1274.jpg
Male,4154.jpg
Male,9520.jpg
Male,6592.jpg
Male,8745.jpg
Male,9955.jpg
Male,4572.jpg
Female,803.jpg
Male,1231.jpg
Male,342.jpg
Female,1724.jpg
Male,487.jpg
Female,4657.jpg
Female,2260.jpg
Female,3926.jpg
Female,4182.jpg
Male,1985.jpg
Female,10530.jpg
Male,5462.jpg
Female,5515.jpg
Male,4221.jpg
Male,5540.jpg
Female,9171.jpg
Male,3654.jpg
Female,932.jpg
Male,9813.jpg
Female,3740.jpg
Male,4103.jpg
Male,9898.jpg
Female,31.jpg
Male,2516.jpg
Male,8016.jpg
Male,3048.jpg
Male,3132.jpg
Female,3327.jpg
Female,3248.jpg
Female,5997.jpg
Female,6884.jpg
Female,632.jpg
Female,5234.jpg
Male,8820.jpg
Female,10189.jpg
Female,9724.jpg
Female,5428.jpg
Female,10037.jpg
Female,8974.jpg
Female,9931.jpg
Female,2862.jpg
Female,3283.jpg
Male,9707.jpg
Female,6688.jpg
Male,7505.jpg
Female,1619.jpg
Female,10814.jpg
Female,9791.jpg
Female,8890.jpg
Female,2346.jpg
Female,3630.jpg
Male,6693.jpg
Female,9277.jpg
Female,8826.jpg
Male,9089.jpg
Female,6687.jpg
Female,278.jpg
Female,9620.jpg
Male,531.jpg
Female,3522.jpg
Male,5195.jpg
Female,5805.jpg
Female,493.jpg
Female,2959.jpg
Male,2688.jpg
Female,3229.jpg
Male,1671.jpg
Male,4059.jpg
Male,4021.jpg
Female,5539.jpg
Male,10622.jpg
Female,7927.jpg
Male,6110.jpg
Male,8754.jpg
Female,4259.jpg
Female,10017.jpg
Female,5783.jpg
Female,4451.jpg
Male,7073.jpg
Male,9451.jpg
Female,1428.jpg
Male,7912.jpg
Male,4253.jpg
Female,2014.jpg
Female,1085.jpg
Female,8991.jpg
Female,118.jpg
Female,3871.jpg
Female,4284.jpg
Female,686.jpg
Female,3809.jpg
Male,8642.jpg
Male,10900.jpg
Female,5331.jpg
Female,6739.jpg
Male,989.jpg
Female,5861.jpg
Female,10781.jpg
Male,10002.jpg
Male,9910.jpg
Female,7733.jpg
Male,8049.jpg
Female,7423.jpg
Male,5676.jpg
Female,1742.jpg
Female,1357.jpg
Male,5053.jpg
Female,10334.jpg
Male,4311.jpg
Female,9459.jpg
Male,5708.jpg
Female,5227.jpg
Female,8790.jpg
Female,3472.jpg
Female,9735.jpg
Female,1515.jpg
Male,4729.jpg
Female,5341.jpg
Male,737.jpg
Male,6214.jpg
Female,10651.jpg
Male,582.jpg
Female,2855.jpg
Female,4820.jpg
Female,5616.jpg
Female,9383.jpg
Male,1075.jpg
Male,2402.jpg
Male,1973.jpg
Male,1037.jpg
Female,8701.jpg
Female,1050.jpg
Female,25.jpg
Male,2402.jpg
Female,5827.jpg
Female,4857.jpg
Male,6695.jpg
Male,8021.jpg
Female,1677.jpg
Male,8442.jpg
Male,9317.jpg
Female,3963.jpg
Female,10439.jpg
Male,10151.jpg
Male,6629.jpg
Male,9234.jpg
Male,8558.jpg
Female,10673.jpg
Female,1707.jpg
Male,6366.jpg
Male,2268.jpg
Female,10259.jpg
Female,1097.jpg
Female,2307.jpg
Male,1920.jpg
Male,3011.jpg
Female,8994.jpg
Female,3226.jpg
Female,5353.jpg
Male,7574.jpg
Female,10488.jpg
Male,5203.jpg
Female,10744.jpg
Male,7824.jpg
Male,8277.jpg
Female,6186.jpg
Female,3062.jpg
Female,675.jpg
Male,6184.jpg
Female,4792.jpg
Female,1820.jpg
Female,8841.jpg
Female,10163.jpg
Male,3517.jpg
Male,5413.jpg
Male,3591.jpg
Female,3553.jpg
Male,7950.jpg
Female,7456.jpg
Female,125.jpg
Male,7798.jpg
Female,5373.jpg
Male,8477.jpg
Male,10616.jpg
Female,5130.jpg
Male,10424.jpg
Female,10331.jpg
Male,1074.jpg
Female,5245.jpg
Female,8575.jpg
Male,9042.jpg
Male,6222.jpg
Female,9145.jpg
Male,4522.jpg
Female,8454.jpg
Female,3630.jpg
Female,1410.jpg
Female,10863.jpg
Male,6178.jpg
Male,7958.jpg
Female,10148.jpg
Male,4527.jpg
Female,1006.jpg
Male,7750.jpg
Female,537.jpg
Female,3945.jpg
Female,6267.jpg
Male,3157.jpg
Female,320.jpg
Female,10232.jpg
Female,9227.jpg
Female,4197.jpg
Female,3453.jpg
Male,3572.jpg
Female,9186.jpg
Male,2930.jpg
Male,9982.jpg
Female,159.jpg
Male,3824.jpg
Male,3974.jpg
Female,2132.jpg
Female,3585.jpg
Male,947.jpg
Male,6846.jpg
Female,7019.jpg
Female,7974.jpg
Male,1996.jpg
Male,6434.jpg
Male,10733.jpg
Male,6421.jpg
Male,6525.jpg
Female,2043.jpg
Male,8860.jpg
Female,10801.jpg
Male,10225.jpg
Female,6941.jpg
Female,2113.jpg
Female,4623.jpg
Male,3202.jpg
Male,8948.jpg
Male,7394.jpg
Male,7611.jpg
Male,7704.jpg
Male,4830.jpg
Male,366.jpg
Female,1598.jpg
Female,10640.jpg
Male,5390.jpg
Female,1788.jpg
Male,3096.jpg
Female,9184.jpg
Male,400.jpg
Female,783.jpg
Male,4292.jpg
Female,7302.jpg
Female,3349.jpg
Male,4253.jpg
Male,10392.jpg
Male,3676.jpg
Male,2598.jpg
Male,3737.jpg
Female,10542.jpg
Male,4331.jpg
Male,6672.jpg
Female,42.jpg
Female,7030.jpg
Male,2970.jpg
Female,2969.jpg
Male,6337.jpg
Female,372.jpg
Female,3511.jpg
Female,2714.jpg
Female,1500.jpg
Male,7607.jpg
Female,1706.jpg
Female,3643.jpg
Female,10696.jpg
Female,845.jpg
Female,2744.jpg
Female,5757.jpg
Male,5019.jpg
Male,10329.jpg
Male,5956.jpg
Female,8162.jpg
Female,4462.jpg
Male,4810.jpg
Male,8194.jpg
Female,8809.jpg
Female,9808.jpg
Female,4863.jpg
Female,1723.jpg
Male,7421.jpg
Male,7468.jpg
Male,2805.jpg
Male,3720.jpg
Female,7852.jpg
Male,7145.jpg
Female,7539.jpg
Female,6753.jpg
Male,4698.jpg
Female,593.jpg
Male,9428.jpg
Female,3391.jpg
Female,1095.jpg
Female,4220.jpg
Male,8256.jpg
Female,4337.jpg
Male,6982.jpg
Female,3346.jpg
Female,10803.jpg
Male,4226.jpg
Male,7864.jpg
Female,6014.jpg
Female,6358.jpg
Male,2988.jpg
Male,4646.jpg
Female,8154.jpg
Female,6162.jpg
Male,3860.jpg
Female,4216.jpg
Male,4626.jpg
Female,3230.jpg
Male,356.jpg
Female,459.jpg
Male,8066.jpg
Male,76.jpg
Female,2283.jpg
Male,4288.jpg
Male,6654.jpg
Male,6566.jpg
Female,1459.jpg
Female,3194.jpg
Male,8308.jpg
Female,9824.jpg
Female,3081.jpg
Male,819.jpg
Female,8975.jpg
Female,10931.jpg
Female,3038.jpg
Male,7661.jpg
Male,3964.jpg
Female,10143.jpg
Female,85.jpg
Female,8870.jpg
Male,1218.jpg
Male,2507.jpg
Male,4001.jpg
Female,7293.jpg
Female,5066.jpg
Female,5020.jpg
Female,2781.jpg
Female,9890.jpg
Male,8433.jpg
Male,2577.jpg
Male,1208.jpg
Male,3342.jpg
Female,2952.jpg
Female,4607.jpg
Male,7800.jpg
Male,9780.jpg
Female,8496.jpg
Male,4114.jpg
Male,7937.jpg
Male,9431.jpg
Female,2652.jpg
Female,1354.jpg
Female,1407.jpg
Female,4161.jpg
Male,3675.jpg
Female,10175.jpg
Female,6953.jpg
Female,9676.jpg
Male,1180.jpg
Female,9402.jpg
Male,2573.jpg
Female,8029.jpg
Female,7237.jpg
Female,6186.jpg
Male,10817.jpg
Male,1855.jpg
Female,632.jpg
Male,9173.jpg
Female,5776.jpg
Female,10461.jpg
Female,1640.jpg
Male,512.jpg
Male,1865.jpg
Female,9458.jpg
Female,5338.jpg
Male,390.jpg
Male,10487.jpg
Male,10586.jpg
Female,7308.jpg
Male,7944.jpg
Female,10633.jpg
Female,7117.jpg
Male,9439.jpg
Male,4097.jpg
Male,4773.jpg
Female,4240.jpg
Male,7385.jpg
Female,1926.jpg
Male,2467.jpg
Female,5840.jpg
Male,2791.jpg
Male,3282.jpg
Male,2238.jpg
Female,6108.jpg
Female,1399.jpg
Male,2268.jpg
Female,900.jpg
Male,4769.jpg
Male,6401.jpg
Female,3305.jpg
Male,10819.jpg
Male,6771.jpg
Female,3187.jpg
Male,1570.jpg
Male,5016.jpg
Male,8835.jpg
Female,7969.jpg
Male,10887.jpg
Male,6630.jpg
Male,9809.jpg
Male,2800.jpg
Male,7982.jpg
Female,8459.jpg
Male,10694.jpg
Male,6122.jpg
Male,3626.jpg
Female,812.jpg
Female,4890.jpg
Male,6472.jpg
Female,6864.jpg
Male,1800.jpg
Male,2058.jpg
Male,9208.jpg
Female,2325.jpg
Female,8521.jpg
Female,4171.jpg
Male,5210.jpg
Male,8954.jpg
Male,2201.jpg
Male,7765.jpg
Male,7764.jpg
Male,7530.jpg
Male,8085.jpg
Male,5731.jpg
Female,10712.jpg
Female,13.jpg
Female,2152.jpg
Male,1075.jpg
Male,2860.jpg
Female,5405.jpg
Male,1826.jpg
Male,8556.jpg
Female,3122.jpg
Female,9267.jpg
Female,1112.jpg
Male,9030.jpg
Male,10313.jpg
Male,3284.jpg
Male,2964.jpg
Female,2004.jpg
Female,3319.jpg
Male,8209.jpg
Female,5674.jpg
Male,5663.jpg
Female,10409.jpg
Female,5997.jpg
Female,1445.jpg
Female,10851.jpg
Female,6008.jpg
Female,112.jpg
Female,2116.jpg
Male,3433.jpg
Female,7308.jpg
Female,8985.jpg
Female,24.jpg
Male,7336.jpg
Male,4389.jpg
Male,8201.jpg
Female,6123.jpg
Female,3424.jpg
Male,5504.jpg
Female,6008.jpg
Male,8325.jpg
Male,5114.jpg
Male,4630.jpg
Male,1366.jpg
Female,4834.jpg
Male,2045.jpg
Female,507.jpg
Female,9126.jpg
Male,7166.jpg
Male,7997.jpg
Female,4863.jpg
Male,5797.jpg
Male,6659.jpg
Male,7476.jpg
Male,6491.jpg
Male,1443.jpg
Male,9569.jpg
Female,5194.jpg
Female,2659.jpg
Female,8688.jpg
Male,5938.jpg
Male,2483.jpg
Male,2669.jpg
Male,5172.jpg
Female,298.jpg
Female,4474.jpg
Female,3909.jpg
Male,713.jpg
Female,5040.jpg
Female,8070.jpg
Male,9977.jpg
Male,3564.jpg
Male,4560.jpg
Male,881.jpg
Male,6280.jpg
Male,2791.jpg
Female,4604.jpg
Female,1324.jpg
Male,10756.jpg
Female,10008.jpg
Male,4051.jpg
Female,2122.jpg
Male,1035.jpg
Male,370.jpg
Male,10302.jpg
Male,5024.jpg
Male,1831.jpg
Male,9745.jpg
Male,9901.jpg
Male,8299.jpg
Female,10522.jpg
Female,8799.jpg
Male,285.jpg
Female,5548.jpg
Female,124.jpg
Female,9018.jpg
Female,5152.jpg
Female,4809.jpg
Male,4515.jpg
Male,6407.jpg
Male,9181.jpg
Male,5879.jpg
Male,2640.jpg
Female,4293.jpg
Female,2439.jpg
Male,3998.jpg
Male,7765.jpg
Male,2872.jpg
Female,7451.jpg
Male,1784.jpg
Male,2950.jpg
Female,7404.jpg
Female,9182.jpg
Male,3900.jpg
Female,4419.jpg
Female,6083.jpg
Male,7017.jpg
Male,5495.jpg
Female,6803.jpg
Female,10314.jpg
Male,4443.jpg
Female,5949.jpg
Male,1122.jpg
