race,image
Indian,9890.jpg
Black,1376.jpg
Black,6267.jpg
Black,7349.jpg
Black,4552.jpg
Southeast Asian,6038.jpg
East Asian,4642.jpg
Latino_Hispanic,7204.jpg
White,4781.jpg
East Asian,7350.jpg
Indian,7965.jpg
Middle Eastern,5187.jpg
East Asian,129.jpg
Latino_Hispanic,7533.jpg
White,9027.jpg
Indian,1064.jpg
White,9208.jpg
Latino_Hispanic,5439.jpg
Middle Eastern,6238.jpg
Middle Eastern,8749.jpg
Middle Eastern,9247.jpg
Latino_Hispanic,8966.jpg
East Asian,10691.jpg
East Asian,9056.jpg
Latino_Hispanic,9718.jpg
White,10152.jpg
Latino_Hispanic,1310.jpg
Black,397.jpg
Latino_Hispanic,2290.jpg
Latino_Hispanic,7357.jpg
Latino_Hispanic,9251.jpg
White,4691.jpg
White,6811.jpg
Latino_Hispanic,9171.jpg
White,512.jpg
Indian,8958.jpg
Indian,8027.jpg
Southeast Asian,2981.jpg
White,1731.jpg
Latino_Hispanic,7307.jpg
Southeast Asian,5020.jpg
Southeast Asian,6633.jpg
Indian,6830.jpg
Indian,5032.jpg
Latino_Hispanic,5736.jpg
East Asian,2044.jpg
Indian,825.jpg
Indian,8896.jpg
East Asian,5539.jpg
East Asian,6590.jpg
East Asian,7034.jpg
Indian,10122.jpg
Black,10534.jpg
East Asian,702.jpg
White,787.jpg
White,5369.jpg
Latino_Hispanic,10540.jpg
White,7687.jpg
Indian,9794.jpg
East Asian,6034.jpg
Latino_Hispanic,9779.jpg
Black,10336.jpg
East Asian,9604.jpg
Southeast Asian,495.jpg
Indian,3462.jpg
White,9594.jpg
East Asian,4203.jpg
White,9876.jpg
Middle Eastern,5752.jpg
Indian,4964.jpg
Indian,8211.jpg
White,2877.jpg
Latino_Hispanic,7941.jpg
Black,3320.jpg
Latino_Hispanic,3379.jpg
Middle Eastern,3768.jpg
Indian,7481.jpg
White,670.jpg
Indian,10785.jpg
White,5211.jpg
Southeast Asian,8082.jpg
East Asian,3278.jpg
Indian,5739.jpg
Southeast Asian,959.jpg
White,4007.jpg
Black,9708.jpg
Indian,9019.jpg
Indian,6443.jpg
Indian,8605.jpg
White,3118.jpg
White,6765.jpg
Latino_Hispanic,5506.jpg
Latino_Hispanic,4587.jpg
Black,1043.jpg
Latino_Hispanic,2112.jpg
East Asian,8104.jpg
White,2135.jpg
White,10900.jpg
Indian,485.jpg
East Asian,5146.jpg
White,8383.jpg
Black,9242.jpg
Black,3480.jpg
Latino_Hispanic,3560.jpg
Indian,4519.jpg
East Asian,8131.jpg
Latino_Hispanic,9647.jpg
Indian,4321.jpg
Latino_Hispanic,306.jpg
Middle Eastern,6058.jpg
Middle Eastern,8805.jpg
Indian,2528.jpg
East Asian,4135.jpg
Southeast Asian,1686.jpg
White,10605.jpg
Southeast Asian,368.jpg
Southeast Asian,5914.jpg
Southeast Asian,241.jpg
Black,4240.jpg
Black,7251.jpg
Latino_Hispanic,1056.jpg
East Asian,10527.jpg
Middle Eastern,3495.jpg
Latino_Hispanic,105.jpg
Black,4578.jpg
East Asian,3096.jpg
Middle Eastern,3221.jpg
Latino_Hispanic,10649.jpg
Southeast Asian,5280.jpg
Indian,10941.jpg
Indian,2613.jpg
Middle Eastern,2262.jpg
Black,2813.jpg
Latino_Hispanic,5954.jpg
Southeast Asian,8183.jpg
Southeast Asian,1000.jpg
Southeast Asian,1575.jpg
White,3687.jpg
Indian,6437.jpg
Latino_Hispanic,8195.jpg
Latino_Hispanic,9823.jpg
Black,3089.jpg
Latino_Hispanic,5962.jpg
Indian,4560.jpg
East Asian,8757.jpg
East Asian,10043.jpg
Southeast Asian,7631.jpg
Indian,4025.jpg
Middle Eastern,7603.jpg
Southeast Asian,4393.jpg
Southeast Asian,9873.jpg
Southeast Asian,359.jpg
Latino_Hispanic,1309.jpg
Middle Eastern,8576.jpg
White,1164.jpg
Southeast Asian,2973.jpg
White,2461.jpg
White,7842.jpg
Latino_Hispanic,6401.jpg
White,1607.jpg
Middle Eastern,7180.jpg
Indian,10122.jpg
Latino_Hispanic,3379.jpg
Latino_Hispanic,7522.jpg
White,2211.jpg
Latino_Hispanic,8642.jpg
White,8396.jpg
Black,2424.jpg
Indian,1425.jpg
Latino_Hispanic,6291.jpg
Southeast Asian,9788.jpg
Black,1298.jpg
Latino_Hispanic,6853.jpg
White,8654.jpg
White,8932.jpg
Indian,6600.jpg
Southeast Asian,4855.jpg
Southeast Asian,3970.jpg
Indian,9642.jpg
Black,3783.jpg
East Asian,3106.jpg
Middle Eastern,5103.jpg
Indian,1878.jpg
Black,6545.jpg
Southeast Asian,3141.jpg
Middle Eastern,7281.jpg
Latino_Hispanic,5089.jpg
East Asian,1223.jpg
Latino_Hispanic,10270.jpg
Latino_Hispanic,8892.jpg
Black,10392.jpg
Indian,6896.jpg
Indian,10519.jpg
Black,1237.jpg
Middle Eastern,7818.jpg
Latino_Hispanic,5253.jpg
Latino_Hispanic,3769.jpg
Indian,2757.jpg
Black,1294.jpg
White,4526.jpg
Latino_Hispanic,10242.jpg
Latino_Hispanic,4573.jpg
Latino_Hispanic,6291.jpg
Indian,8254.jpg
Middle Eastern,104.jpg
Indian,4956.jpg
Black,2683.jpg
East Asian,5781.jpg
Latino_Hispanic,4629.jpg
White,1856.jpg
East Asian,4293.jpg
Southeast Asian,29.jpg
White,2532.jpg
Southeast Asian,7063.jpg
East Asian,9702.jpg
Latino_Hispanic,4479.jpg
Indian,10939.jpg
Latino_Hispanic,7252.jpg
Indian,3519.jpg
White,9580.jpg
Southeast Asian,275.jpg
Indian,3848.jpg
White,3838.jpg
Black,8655.jpg
Latino_Hispanic,8545.jpg
Latino_Hispanic,10846.jpg
White,8489.jpg
Black,4401.jpg
Southeast Asian,4505.jpg
Latino_Hispanic,3497.jpg
Middle Eastern,8585.jpg
Black,7575.jpg
Southeast Asian,6988.jpg
Black,4625.jpg
Black,4270.jpg
Southeast Asian,2012.jpg
East Asian,9824.jpg
Southeast Asian,6724.jpg
East Asian,8841.jpg
Indian,5997.jpg
Black,403.jpg
Indian,1895.jpg
East Asian,5517.jpg
Middle Eastern,1436.jpg
Southeast Asian,690.jpg
East Asian,391.jpg
Black,2756.jpg
White,7513.jpg
Latino_Hispanic,2434.jpg
Latino_Hispanic,8618.jpg
White,3836.jpg
Southeast Asian,5537.jpg
Black,150.jpg
Black,8655.jpg
White,615.jpg
Indian,2463.jpg
Black,1738.jpg
Black,9232.jpg
White,6069.jpg
Indian,8978.jpg
Middle Eastern,8990.jpg
Black,10486.jpg
Southeast Asian,2448.jpg
Indian,7502.jpg
Indian,5924.jpg
Middle Eastern,10835.jpg
East Asian,7331.jpg
Indian,4360.jpg
Black,8927.jpg
East Asian,2700.jpg
East Asian,7909.jpg
White,2312.jpg
Latino_Hispanic,1618.jpg
Indian,7438.jpg
White,5453.jpg
Latino_Hispanic,10042.jpg
East Asian,6967.jpg
Black,2424.jpg
Latino_Hispanic,4275.jpg
East Asian,6849.jpg
Middle Eastern,10247.jpg
Indian,1131.jpg
Indian,8947.jpg
East Asian,3248.jpg
White,8973.jpg
Indian,5134.jpg
Southeast Asian,406.jpg
Indian,1992.jpg
East Asian,1968.jpg
East Asian,4775.jpg
Black,9284.jpg
Black,7455.jpg
Indian,14.jpg
East Asian,3906.jpg
East Asian,8203.jpg
Black,3957.jpg
Indian,10424.jpg
Latino_Hispanic,10226.jpg
Middle Eastern,8749.jpg
Indian,2961.jpg
Black,1190.jpg
Black,561.jpg
East Asian,10774.jpg
Southeast Asian,4485.jpg
Black,120.jpg
East Asian,7937.jpg
East Asian,5538.jpg
Latino_Hispanic,1061.jpg
Indian,4352.jpg
Latino_Hispanic,10227.jpg
Indian,792.jpg
Latino_Hispanic,1800.jpg
Black,86.jpg
White,1943.jpg
East Asian,1586.jpg
Black,3279.jpg
Latino_Hispanic,8537.jpg
White,8207.jpg
Southeast Asian,4460.jpg
Southeast Asian,4563.jpg
Indian,9803.jpg
Southeast Asian,1447.jpg
White,8727.jpg
Latino_Hispanic,8392.jpg
Black,218.jpg
Southeast Asian,8559.jpg
Latino_Hispanic,10738.jpg
Black,431.jpg
East Asian,3058.jpg
Indian,10939.jpg
Indian,8758.jpg
Indian,187.jpg
Southeast Asian,1010.jpg
Indian,7502.jpg
Latino_Hispanic,10912.jpg
Black,9883.jpg
Latino_Hispanic,8450.jpg
East Asian,8003.jpg
White,8077.jpg
Middle Eastern,7375.jpg
White,943.jpg
Southeast Asian,1242.jpg
Middle Eastern,6238.jpg
East Asian,2005.jpg
Indian,10445.jpg
Middle Eastern,7192.jpg
Indian,6993.jpg
Black,4643.jpg
Black,617.jpg
Latino_Hispanic,7751.jpg
Latino_Hispanic,5410.jpg
Middle Eastern,10795.jpg
Indian,6643.jpg
White,6670.jpg
Latino_Hispanic,897.jpg
Latino_Hispanic,5867.jpg
East Asian,8632.jpg
Southeast Asian,5220.jpg
East Asian,9855.jpg
East Asian,6418.jpg
Latino_Hispanic,7706.jpg
Indian,3174.jpg
Middle Eastern,8053.jpg
Southeast Asian,6077.jpg
Southeast Asian,6061.jpg
Indian,6786.jpg
Latino_Hispanic,8899.jpg
Middle Eastern,3641.jpg
Latino_Hispanic,7232.jpg
Black,5568.jpg
Latino_Hispanic,6412.jpg
East Asian,6174.jpg
Southeast Asian,3595.jpg
East Asian,3285.jpg
East Asian,3126.jpg
Southeast Asian,10293.jpg
White,8275.jpg
East Asian,3145.jpg
Middle Eastern,4887.jpg
Black,4813.jpg
Southeast Asian,296.jpg
Middle Eastern,10499.jpg
Indian,1631.jpg
Latino_Hispanic,2894.jpg
White,2862.jpg
Latino_Hispanic,90.jpg
Latino_Hispanic,6372.jpg
Latino_Hispanic,10936.jpg
Black,7913.jpg
Southeast Asian,6434.jpg
Southeast Asian,8964.jpg
Black,1835.jpg
Indian,4307.jpg
Indian,10208.jpg
Latino_Hispanic,2644.jpg
East Asian,6733.jpg
White,9728.jpg
White,4744.jpg
East Asian,3026.jpg
Southeast Asian,9445.jpg
Middle Eastern,10026.jpg
Indian,332.jpg
Black,9948.jpg
Southeast Asian,3989.jpg
Middle Eastern,8639.jpg
Middle Eastern,410.jpg
East Asian,10561.jpg
Middle Eastern,8714.jpg
Latino_Hispanic,6241.jpg
East Asian,4666.jpg
Southeast Asian,7256.jpg
East Asian,264.jpg
Southeast Asian,503.jpg
Indian,5454.jpg
Black,3625.jpg
East Asian,3027.jpg
Black,9593.jpg
Latino_Hispanic,3146.jpg
Black,6801.jpg
Black,5092.jpg
East Asian,1684.jpg
Indian,3534.jpg
Black,120.jpg
Indian,5924.jpg
Indian,854.jpg
East Asian,8252.jpg
Latino_Hispanic,6665.jpg
Latino_Hispanic,3549.jpg
Black,4625.jpg
Indian,9845.jpg
Latino_Hispanic,4.jpg
Latino_Hispanic,9225.jpg
Latino_Hispanic,4176.jpg
East Asian,3377.jpg
Indian,6786.jpg
Indian,4173.jpg
Latino_Hispanic,9200.jpg
East Asian,4120.jpg
White,289.jpg
Indian,10086.jpg
Indian,8009.jpg
Middle Eastern,2374.jpg
Black,6364.jpg
Middle Eastern,2709.jpg
Indian,10744.jpg
Southeast Asian,10868.jpg
Indian,2670.jpg
White,3904.jpg
Latino_Hispanic,8782.jpg
Middle Eastern,3189.jpg
Indian,1504.jpg
East Asian,8701.jpg
Southeast Asian,4299.jpg
White,5400.jpg
Black,1755.jpg
Middle Eastern,9841.jpg
Middle Eastern,1102.jpg
Indian,1557.jpg
White,8727.jpg
Indian,6847.jpg
Latino_Hispanic,8355.jpg
Indian,8622.jpg
Indian,9598.jpg
Latino_Hispanic,7691.jpg
Black,2901.jpg
White,3516.jpg
East Asian,8042.jpg
Black,1969.jpg
East Asian,7448.jpg
Southeast Asian,5609.jpg
Latino_Hispanic,10879.jpg
Indian,4893.jpg
East Asian,2876.jpg
Latino_Hispanic,2408.jpg
Black,6226.jpg
Indian,738.jpg
Latino_Hispanic,2045.jpg
Indian,2356.jpg
East Asian,5469.jpg
Latino_Hispanic,7732.jpg
White,9685.jpg
Latino_Hispanic,10277.jpg
Black,7474.jpg
Latino_Hispanic,4808.jpg
Black,2891.jpg
Southeast Asian,6608.jpg
Southeast Asian,1118.jpg
Southeast Asian,3528.jpg
Latino_Hispanic,891.jpg
East Asian,8088.jpg
Indian,7910.jpg
Latino_Hispanic,9072.jpg
Middle Eastern,6609.jpg
Indian,3355.jpg
East Asian,4894.jpg
Middle Eastern,8401.jpg
Indian,10366.jpg
White,2145.jpg
East Asian,7390.jpg
Latino_Hispanic,4090.jpg
White,966.jpg
Indian,2325.jpg
East Asian,1265.jpg
Middle Eastern,4086.jpg
Black,7772.jpg
White,44.jpg
Southeast Asian,10526.jpg
Southeast Asian,7388.jpg
Latino_Hispanic,3987.jpg
Latino_Hispanic,3505.jpg
Indian,9499.jpg
Indian,9045.jpg
Indian,10126.jpg
Southeast Asian,2701.jpg
Black,10653.jpg
Indian,1158.jpg
Middle Eastern,903.jpg
Middle Eastern,7693.jpg
White,4983.jpg
Black,3270.jpg
Indian,6542.jpg
Latino_Hispanic,760.jpg
East Asian,1531.jpg
White,2995.jpg
Latino_Hispanic,6170.jpg
Indian,5342.jpg
Indian,5865.jpg
Indian,10882.jpg
Middle Eastern,506.jpg
Indian,1503.jpg
White,4083.jpg
Black,10462.jpg
Southeast Asian,1990.jpg
Southeast Asian,683.jpg
East Asian,9423.jpg
East Asian,1414.jpg
Southeast Asian,8329.jpg
White,1741.jpg
White,9661.jpg
Indian,4178.jpg
Indian,3591.jpg
East Asian,5869.jpg
Black,4919.jpg
Black,7149.jpg
Indian,7115.jpg
White,48.jpg
Black,2060.jpg
East Asian,8704.jpg
Latino_Hispanic,6170.jpg
Latino_Hispanic,38.jpg
Middle Eastern,1420.jpg
Latino_Hispanic,3769.jpg
East Asian,10334.jpg
Black,9733.jpg
Southeast Asian,2448.jpg
Indian,984.jpg
Indian,4854.jpg
Indian,1888.jpg
Indian,3690.jpg
Indian,9386.jpg
Southeast Asian,10070.jpg
Indian,4648.jpg
White,9343.jpg
East Asian,702.jpg
Latino_Hispanic,9854.jpg
White,9626.jpg
Latino_Hispanic,2170.jpg
Latino_Hispanic,7938.jpg
Latino_Hispanic,8531.jpg
Black,3674.jpg
East Asian,3812.jpg
East Asian,8877.jpg
Southeast Asian,8859.jpg
White,3706.jpg
Indian,3949.jpg
White,3099.jpg
Black,4164.jpg
East Asian,7439.jpg
Black,155.jpg
Indian,6674.jpg
Latino_Hispanic,828.jpg
East Asian,10915.jpg
East Asian,8804.jpg
Southeast Asian,6627.jpg
Latino_Hispanic,7929.jpg
East Asian,8838.jpg
Latino_Hispanic,3072.jpg
East Asian,10678.jpg
Indian,9039.jpg
Black,2307.jpg
Indian,9839.jpg
Black,260.jpg
White,5665.jpg
Indian,4910.jpg
East Asian,818.jpg
East Asian,5145.jpg
East Asian,8035.jpg
Indian,5830.jpg
Indian,10941.jpg
Latino_Hispanic,9671.jpg
Latino_Hispanic,2315.jpg
Middle Eastern,10110.jpg
White,10721.jpg
White,4012.jpg
Indian,6447.jpg
Indian,8156.jpg
Black,4547.jpg
Latino_Hispanic,38.jpg
Middle Eastern,442.jpg
Southeast Asian,7312.jpg
Latino_Hispanic,1566.jpg
Middle Eastern,4389.jpg
Indian,7605.jpg
Black,3656.jpg
Indian,4459.jpg
East Asian,10947.jpg
Black,424.jpg
Indian,7638.jpg
Middle Eastern,1404.jpg
Indian,3128.jpg
White,3107.jpg
White,8194.jpg
Latino_Hispanic,1142.jpg
Southeast Asian,9256.jpg
East Asian,3078.jpg
Middle Eastern,10626.jpg
Latino_Hispanic,5954.jpg
Black,763.jpg
Southeast Asian,9322.jpg
Southeast Asian,8962.jpg
White,8727.jpg
Latino_Hispanic,179.jpg
Black,4721.jpg
Black,4585.jpg
White,6357.jpg
Latino_Hispanic,3746.jpg
Indian,7431.jpg
East Asian,9249.jpg
White,5449.jpg
Black,3701.jpg
Southeast Asian,6681.jpg
Latino_Hispanic,3884.jpg
Black,1387.jpg
Southeast Asian,33.jpg
Black,7722.jpg
Latino_Hispanic,8975.jpg
White,9109.jpg
Latino_Hispanic,6708.jpg
Southeast Asian,3537.jpg
Southeast Asian,5338.jpg
Middle Eastern,7180.jpg
Indian,2343.jpg
Black,4036.jpg
Latino_Hispanic,9229.jpg
East Asian,2102.jpg
East Asian,1814.jpg
Indian,4362.jpg
East Asian,5883.jpg
Latino_Hispanic,6275.jpg
East Asian,9767.jpg
Indian,8809.jpg
Middle Eastern,1404.jpg
Black,6948.jpg
Latino_Hispanic,7029.jpg
East Asian,8830.jpg
Indian,7414.jpg
Latino_Hispanic,4080.jpg
Latino_Hispanic,2538.jpg
Latino_Hispanic,2434.jpg
Latino_Hispanic,692.jpg
Latino_Hispanic,6944.jpg
Indian,3223.jpg
East Asian,9453.jpg
East Asian,1224.jpg
Latino_Hispanic,7044.jpg
Black,6843.jpg
White,4821.jpg
Latino_Hispanic,3924.jpg
East Asian,1313.jpg
Southeast Asian,7237.jpg
Indian,7880.jpg
Middle Eastern,4382.jpg
Southeast Asian,2210.jpg
Latino_Hispanic,6581.jpg
East Asian,5564.jpg
White,4503.jpg
East Asian,7344.jpg
East Asian,5012.jpg
East Asian,7944.jpg
Black,10935.jpg
Indian,6910.jpg
Latino_Hispanic,8756.jpg
Black,4194.jpg
Indian,10397.jpg
Black,5236.jpg
Middle Eastern,4616.jpg
Middle Eastern,8174.jpg
Indian,7823.jpg
White,7193.jpg
White,4166.jpg
Latino_Hispanic,5923.jpg
Latino_Hispanic,1366.jpg
Black,2115.jpg
Indian,2008.jpg
Latino_Hispanic,2605.jpg
Black,5745.jpg
White,5456.jpg
Middle Eastern,3811.jpg
White,10871.jpg
Latino_Hispanic,286.jpg
East Asian,1891.jpg
Black,685.jpg
Southeast Asian,6201.jpg
East Asian,5578.jpg
Black,3962.jpg
White,7500.jpg
White,3803.jpg
Indian,10941.jpg
East Asian,9239.jpg
Latino_Hispanic,9072.jpg
Middle Eastern,3257.jpg
Southeast Asian,7524.jpg
Latino_Hispanic,2170.jpg
Latino_Hispanic,1566.jpg
White,501.jpg
White,8648.jpg
White,3116.jpg
Latino_Hispanic,6885.jpg
White,8658.jpg
Indian,10539.jpg
Southeast Asian,236.jpg
East Asian,7920.jpg
Indian,8567.jpg
Indian,7397.jpg
East Asian,8877.jpg
Indian,8806.jpg
White,7902.jpg
White,4315.jpg
Indian,6699.jpg
Indian,32.jpg
Middle Eastern,4131.jpg
Middle Eastern,5586.jpg
Southeast Asian,296.jpg
Latino_Hispanic,10280.jpg
Southeast Asian,2728.jpg
Indian,8359.jpg
White,10224.jpg
East Asian,3634.jpg
Black,10632.jpg
Southeast Asian,7202.jpg
Southeast Asian,10315.jpg
East Asian,7639.jpg
White,2069.jpg
Indian,7512.jpg
East Asian,386.jpg
Latino_Hispanic,10285.jpg
Indian,8921.jpg
Latino_Hispanic,8284.jpg
Southeast Asian,5418.jpg
Indian,265.jpg
Middle Eastern,6298.jpg
Latino_Hispanic,6258.jpg
Southeast Asian,6701.jpg
Latino_Hispanic,9705.jpg
East Asian,9707.jpg
Black,10474.jpg
East Asian,2482.jpg
Middle Eastern,7534.jpg
Latino_Hispanic,5292.jpg
Black,10865.jpg
Indian,1207.jpg
Indian,3510.jpg
Black,10797.jpg
East Asian,1140.jpg
Middle Eastern,6153.jpg
Latino_Hispanic,1520.jpg
Latino_Hispanic,7533.jpg
Black,9456.jpg
East Asian,5142.jpg
Southeast Asian,4531.jpg
White,5488.jpg
Southeast Asian,857.jpg
Indian,7582.jpg
Indian,134.jpg
Indian,8845.jpg
Black,4137.jpg
Black,1916.jpg
Indian,9993.jpg
Southeast Asian,857.jpg
Middle Eastern,10274.jpg
Middle Eastern,9352.jpg
Latino_Hispanic,10012.jpg
White,7779.jpg
Black,9318.jpg
Indian,1184.jpg
Southeast Asian,6052.jpg
East Asian,4647.jpg
White,6495.jpg
Black,8929.jpg
Southeast Asian,2437.jpg
Indian,2065.jpg
White,7278.jpg
Middle Eastern,9105.jpg
Latino_Hispanic,6169.jpg
East Asian,9714.jpg
Indian,4024.jpg
Black,3031.jpg
White,7491.jpg
East Asian,1671.jpg
Latino_Hispanic,1632.jpg
Latino_Hispanic,8630.jpg
East Asian,10892.jpg
Black,6587.jpg
East Asian,869.jpg
Latino_Hispanic,1166.jpg
Black,9448.jpg
Black,6979.jpg
Indian,1417.jpg
Southeast Asian,3933.jpg
Indian,7614.jpg
White,1818.jpg
Black,6319.jpg
Indian,5476.jpg
Indian,5267.jpg
Middle Eastern,1067.jpg
Middle Eastern,8137.jpg
Southeast Asian,8312.jpg
Southeast Asian,7128.jpg
Black,5483.jpg
White,4607.jpg
White,2851.jpg
White,5724.jpg
Southeast Asian,10821.jpg
White,10871.jpg
White,6726.jpg
Indian,332.jpg
Indian,1863.jpg
Southeast Asian,9652.jpg
Southeast Asian,1103.jpg
Black,3696.jpg
East Asian,7659.jpg
White,822.jpg
White,9270.jpg
White,1513.jpg
Southeast Asian,6142.jpg
Black,5818.jpg
Indian,5444.jpg
Latino_Hispanic,2524.jpg
East Asian,5883.jpg
Southeast Asian,945.jpg
White,1662.jpg
East Asian,2179.jpg
Black,10327.jpg
Indian,10105.jpg
Black,9217.jpg
Indian,9710.jpg
Latino_Hispanic,8433.jpg
Southeast Asian,4058.jpg
White,3791.jpg
Black,4824.jpg
Indian,521.jpg
East Asian,3085.jpg
Latino_Hispanic,8352.jpg
Indian,9471.jpg
East Asian,2339.jpg
White,10652.jpg
Latino_Hispanic,9896.jpg
Latino_Hispanic,8544.jpg
Black,498.jpg
Black,5167.jpg
Black,555.jpg
East Asian,2661.jpg
Southeast Asian,6895.jpg
East Asian,7038.jpg
Black,911.jpg
East Asian,7150.jpg
Southeast Asian,33.jpg
Indian,10328.jpg
Southeast Asian,3703.jpg
Southeast Asian,5561.jpg
Latino_Hispanic,7533.jpg
Middle Eastern,9753.jpg
Black,6587.jpg
Southeast Asian,684.jpg
East Asian,5543.jpg
Southeast Asian,5647.jpg
Latino_Hispanic,1587.jpg
Middle Eastern,10626.jpg
Indian,3949.jpg
Black,5820.jpg
Southeast Asian,7629.jpg
Black,1838.jpg
Indian,859.jpg
Middle Eastern,1995.jpg
Latino_Hispanic,4435.jpg
Middle Eastern,5712.jpg
East Asian,8116.jpg
Black,9985.jpg
Middle Eastern,5006.jpg
Southeast Asian,9764.jpg
Black,8139.jpg
Southeast Asian,5941.jpg
Latino_Hispanic,4579.jpg
Black,4457.jpg
Indian,3416.jpg
Middle Eastern,4571.jpg
Southeast Asian,3805.jpg
Middle Eastern,6598.jpg
East Asian,5021.jpg
Black,10434.jpg
East Asian,1472.jpg
Southeast Asian,3749.jpg
Middle Eastern,8639.jpg
Middle Eastern,2310.jpg
Middle Eastern,287.jpg
Middle Eastern,10565.jpg
Indian,2354.jpg
Latino_Hispanic,6122.jpg
Southeast Asian,503.jpg
Indian,9765.jpg
White,7748.jpg
East Asian,7920.jpg
Middle Eastern,1201.jpg
East Asian,4793.jpg
White,629.jpg
Indian,5165.jpg
Latino_Hispanic,847.jpg
Indian,2912.jpg
Middle Eastern,2088.jpg
Middle Eastern,10415.jpg
Latino_Hispanic,2142.jpg
Indian,9766.jpg
East Asian,3372.jpg
Southeast Asian,3124.jpg
White,9931.jpg
Southeast Asian,6266.jpg
Latino_Hispanic,1709.jpg
Southeast Asian,10323.jpg
White,5732.jpg
East Asian,5589.jpg
Indian,6432.jpg
Latino_Hispanic,10304.jpg
White,9546.jpg
Black,4003.jpg
Indian,3693.jpg
Southeast Asian,5124.jpg
East Asian,3626.jpg
Middle Eastern,1749.jpg
Black,6376.jpg
East Asian,3879.jpg
Indian,7798.jpg
Latino_Hispanic,10799.jpg
Indian,2343.jpg
Middle Eastern,10655.jpg
Black,6445.jpg
Black,8223.jpg
Middle Eastern,3343.jpg
Latino_Hispanic,4081.jpg
Black,7371.jpg
Black,698.jpg
Middle Eastern,5586.jpg
Southeast Asian,8061.jpg
White,4693.jpg
Black,4830.jpg
Southeast Asian,5949.jpg
Black,9492.jpg
White,10687.jpg
Black,1708.jpg
Middle Eastern,2259.jpg
Latino_Hispanic,10866.jpg
Middle Eastern,4690.jpg
Indian,2008.jpg
White,6709.jpg
Indian,8499.jpg
Indian,7830.jpg
Indian,8180.jpg
East Asian,7034.jpg
Black,188.jpg
Southeast Asian,926.jpg
Black,7789.jpg
Indian,7780.jpg
East Asian,2386.jpg
East Asian,10384.jpg
Middle Eastern,9105.jpg
White,10261.jpg
East Asian,8965.jpg
White,8396.jpg
Indian,3953.jpg
Indian,10046.jpg
Black,661.jpg
Southeast Asian,3822.jpg
Southeast Asian,6917.jpg
White,4607.jpg
Black,10889.jpg
Latino_Hispanic,8262.jpg
East Asian,3644.jpg
East Asian,5148.jpg
Middle Eastern,5138.jpg
Indian,1449.jpg
Black,7251.jpg
East Asian,3129.jpg
White,1346.jpg
Black,1364.jpg
Latino_Hispanic,849.jpg
Latino_Hispanic,4126.jpg
Middle Eastern,5457.jpg
White,655.jpg
Black,10709.jpg
Latino_Hispanic,8550.jpg
White,5488.jpg
Middle Eastern,4427.jpg
White,5460.jpg
Southeast Asian,3476.jpg
White,8324.jpg
Middle Eastern,5052.jpg
Black,8370.jpg
Southeast Asian,1849.jpg
East Asian,225.jpg
Southeast Asian,4611.jpg
East Asian,10472.jpg
East Asian,2591.jpg
Indian,2188.jpg
East Asian,1204.jpg
Indian,3290.jpg
Black,3087.jpg
Latino_Hispanic,5261.jpg
Southeast Asian,10548.jpg
Black,7756.jpg
Latino_Hispanic,9212.jpg
Black,9533.jpg
Indian,8091.jpg
Black,8761.jpg
Indian,2050.jpg
White,1259.jpg
Middle Eastern,9126.jpg
Black,9038.jpg
Indian,8879.jpg
East Asian,1288.jpg
White,9687.jpg
Black,679.jpg
East Asian,10172.jpg
Black,2376.jpg
Middle Eastern,2422.jpg
Southeast Asian,7496.jpg
Latino_Hispanic,1236.jpg
Latino_Hispanic,5872.jpg
White,4798.jpg
Latino_Hispanic,586.jpg
Black,10309.jpg
Latino_Hispanic,5907.jpg
White,3484.jpg
Southeast Asian,2702.jpg
Middle Eastern,460.jpg
Middle Eastern,7845.jpg
Indian,9782.jpg
Latino_Hispanic,4825.jpg
White,8440.jpg
Latino_Hispanic,8391.jpg
Latino_Hispanic,7761.jpg
Indian,7658.jpg
Latino_Hispanic,9404.jpg
Latino_Hispanic,3296.jpg
White,9496.jpg
Latino_Hispanic,4679.jpg
East Asian,9178.jpg
East Asian,2805.jpg
Middle Eastern,10789.jpg
White,441.jpg
East Asian,1422.jpg
East Asian,4623.jpg
Middle Eastern,4571.jpg
Indian,7069.jpg
White,1219.jpg
Indian,4802.jpg
East Asian,1313.jpg
Latino_Hispanic,4376.jpg
White,9480.jpg
Latino_Hispanic,4903.jpg
Middle Eastern,10426.jpg
East Asian,10201.jpg
Latino_Hispanic,4260.jpg
Indian,240.jpg
Latino_Hispanic,9779.jpg
Latino_Hispanic,5.jpg
Black,1367.jpg
Latino_Hispanic,1160.jpg
Middle Eastern,4461.jpg
Latino_Hispanic,7761.jpg
Indian,1036.jpg
White,7899.jpg
White,4986.jpg
East Asian,5144.jpg
Black,8678.jpg
Latino_Hispanic,4632.jpg
Indian,8622.jpg
Indian,8351.jpg
Latino_Hispanic,8521.jpg
Latino_Hispanic,3726.jpg
Latino_Hispanic,10724.jpg
Latino_Hispanic,10473.jpg
Latino_Hispanic,4038.jpg
East Asian,3410.jpg
East Asian,531.jpg
Middle Eastern,10484.jpg
Indian,2684.jpg
East Asian,5544.jpg
White,10863.jpg
East Asian,5477.jpg
White,7779.jpg
Southeast Asian,610.jpg
East Asian,7557.jpg
Indian,1086.jpg
Indian,10208.jpg
East Asian,9819.jpg
Latino_Hispanic,5668.jpg
Indian,6141.jpg
Middle Eastern,5772.jpg
East Asian,4894.jpg
Indian,8751.jpg
Southeast Asian,6336.jpg
White,9376.jpg
East Asian,8099.jpg
White,8986.jpg
Latino_Hispanic,9959.jpg
White,5449.jpg
Southeast Asian,6427.jpg
Middle Eastern,9226.jpg
Latino_Hispanic,5870.jpg
East Asian,5773.jpg
White,8814.jpg
White,9738.jpg
Indian,8222.jpg
Middle Eastern,9904.jpg
Indian,6940.jpg
East Asian,9870.jpg
Middle Eastern,6403.jpg
Southeast Asian,1679.jpg
Latino_Hispanic,3721.jpg
Southeast Asian,3587.jpg
Latino_Hispanic,3852.jpg
Southeast Asian,1183.jpg
Black,10797.jpg
Southeast Asian,34.jpg
Black,9326.jpg
Middle Eastern,4631.jpg
East Asian,10691.jpg
Southeast Asian,3817.jpg
White,4386.jpg
Black,826.jpg
Southeast Asian,3598.jpg
Indian,2961.jpg
Black,1721.jpg
Indian,3179.jpg
Indian,10217.jpg
East Asian,3275.jpg
Black,9419.jpg
Middle Eastern,447.jpg
Latino_Hispanic,1439.jpg
Indian,2325.jpg
Black,7437.jpg
East Asian,9262.jpg
White,2544.jpg
Black,3674.jpg
East Asian,3037.jpg
Black,3850.jpg
Southeast Asian,2238.jpg
East Asian,10953.jpg
Indian,252.jpg
Southeast Asian,7597.jpg
Indian,10047.jpg
East Asian,4637.jpg
East Asian,3211.jpg
East Asian,9245.jpg
Southeast Asian,28.jpg
Middle Eastern,4761.jpg
East Asian,9989.jpg
Black,6039.jpg
Southeast Asian,2572.jpg
Middle Eastern,1748.jpg
Middle Eastern,7236.jpg
Southeast Asian,440.jpg
East Asian,7264.jpg
Black,4962.jpg
Latino_Hispanic,10344.jpg
Southeast Asian,2566.jpg
Latino_Hispanic,8114.jpg
Indian,4964.jpg
East Asian,688.jpg
White,3512.jpg
East Asian,10334.jpg
White,7959.jpg
White,2174.jpg
East Asian,4951.jpg
Latino_Hispanic,7224.jpg
Latino_Hispanic,2093.jpg
East Asian,1223.jpg
Southeast Asian,714.jpg
East Asian,8076.jpg
Latino_Hispanic,724.jpg
East Asian,10178.jpg
East Asian,3672.jpg
White,7329.jpg
Latino_Hispanic,7538.jpg
Indian,7373.jpg
White,8515.jpg
Latino_Hispanic,7451.jpg
Black,198.jpg
Southeast Asian,4431.jpg
Black,771.jpg
White,9412.jpg
Black,10632.jpg
White,8728.jpg
Latino_Hispanic,9008.jpg
Latino_Hispanic,10765.jpg
Middle Eastern,2313.jpg
Indian,2430.jpg
East Asian,10778.jpg
Middle Eastern,3088.jpg
Latino_Hispanic,1875.jpg
Latino_Hispanic,7672.jpg
White,8192.jpg
Indian,4084.jpg
Latino_Hispanic,2406.jpg
Indian,1352.jpg
Latino_Hispanic,3721.jpg
Southeast Asian,8329.jpg
East Asian,6804.jpg
Southeast Asian,2946.jpg
Southeast Asian,7546.jpg
Southeast Asian,5848.jpg
Southeast Asian,2814.jpg
Latino_Hispanic,975.jpg
Black,1374.jpg
Indian,4106.jpg
Indian,9811.jpg
Black,9430.jpg
Southeast Asian,7200.jpg
Latino_Hispanic,2445.jpg
White,3139.jpg
Southeast Asian,4529.jpg
Southeast Asian,10181.jpg
Southeast Asian,5601.jpg
Southeast Asian,10553.jpg
Latino_Hispanic,5473.jpg
Black,3808.jpg
Indian,4458.jpg
Black,5587.jpg
Middle Eastern,9600.jpg
Southeast Asian,2880.jpg
Indian,6326.jpg
Indian,1479.jpg
Indian,8538.jpg
Middle Eastern,8053.jpg
Indian,8849.jpg
Latino_Hispanic,7938.jpg
Black,8102.jpg
White,366.jpg
White,8530.jpg
Latino_Hispanic,2516.jpg
Southeast Asian,3595.jpg
Southeast Asian,2814.jpg
Black,328.jpg
Indian,10035.jpg
Latino_Hispanic,7372.jpg
White,4533.jpg
Latino_Hispanic,2894.jpg
Indian,10435.jpg
Latino_Hispanic,10761.jpg
Black,6065.jpg
Southeast Asian,4857.jpg
Indian,3169.jpg
Indian,3889.jpg
Indian,8879.jpg
Indian,6008.jpg
Black,106.jpg
Black,778.jpg
Middle Eastern,773.jpg
Latino_Hispanic,2417.jpg
Indian,10215.jpg
East Asian,7471.jpg
Latino_Hispanic,8544.jpg
Indian,8314.jpg
Southeast Asian,8250.jpg
East Asian,7836.jpg
Southeast Asian,5914.jpg
Southeast Asian,1789.jpg
Southeast Asian,1103.jpg
Indian,3508.jpg
White,6390.jpg
White,9473.jpg
Southeast Asian,9107.jpg
Southeast Asian,7202.jpg
Indian,5397.jpg
Latino_Hispanic,8834.jpg
Black,10929.jpg
East Asian,3331.jpg
East Asian,8628.jpg
Middle Eastern,7296.jpg
East Asian,98.jpg
Black,4813.jpg
Black,3347.jpg
Latino_Hispanic,9411.jpg
East Asian,9503.jpg
Middle Eastern,2311.jpg
Southeast Asian,553.jpg
East Asian,3061.jpg
Black,8300.jpg
Indian,117.jpg
White,9412.jpg
Latino_Hispanic,9671.jpg
East Asian,10085.jpg
Middle Eastern,10426.jpg
Black,6351.jpg
Southeast Asian,10192.jpg
East Asian,490.jpg
Southeast Asian,10489.jpg
Black,6055.jpg
East Asian,4951.jpg
Indian,4511.jpg
Indian,10705.jpg
East Asian,3520.jpg
White,1346.jpg
White,752.jpg
Southeast Asian,4563.jpg
Latino_Hispanic,3924.jpg
Latino_Hispanic,6923.jpg
Latino_Hispanic,8955.jpg
Indian,4362.jpg
Middle Eastern,9864.jpg
Southeast Asian,8796.jpg
Black,9962.jpg
East Asian,9669.jpg
East Asian,346.jpg
East Asian,8560.jpg
Southeast Asian,7888.jpg
Southeast Asian,2702.jpg
Latino_Hispanic,1111.jpg
White,6833.jpg
Middle Eastern,584.jpg
Latino_Hispanic,6503.jpg
Black,4141.jpg
Middle Eastern,2364.jpg
Black,2991.jpg
Indian,6502.jpg
East Asian,6513.jpg
East Asian,10258.jpg
Black,5309.jpg
Black,527.jpg
East Asian,6691.jpg
East Asian,10272.jpg
Latino_Hispanic,4246.jpg
Southeast Asian,8299.jpg
Middle Eastern,4125.jpg
Black,9196.jpg
Southeast Asian,1268.jpg
Black,10171.jpg
Latino_Hispanic,3721.jpg
Black,10865.jpg
Indian,1181.jpg
East Asian,4302.jpg
White,2945.jpg
Black,7885.jpg
Latino_Hispanic,6414.jpg
White,2766.jpg
East Asian,741.jpg
White,9686.jpg
Black,1333.jpg
Black,3289.jpg
East Asian,360.jpg
Indian,9791.jpg
East Asian,10272.jpg
Southeast Asian,8380.jpg
Latino_Hispanic,9304.jpg
Southeast Asian,7080.jpg
Middle Eastern,4086.jpg
Latino_Hispanic,6316.jpg
Latino_Hispanic,9536.jpg
Southeast Asian,4039.jpg
Indian,4352.jpg
White,9738.jpg
Middle Eastern,61.jpg
White,1719.jpg
Black,2458.jpg
Latino_Hispanic,2353.jpg
Southeast Asian,4855.jpg
White,4689.jpg
Southeast Asian,1045.jpg
Middle Eastern,8401.jpg
Black,3229.jpg
Indian,5997.jpg
East Asian,1480.jpg
Black,6703.jpg
Indian,7373.jpg
Middle Eastern,750.jpg
White,8033.jpg
Latino_Hispanic,789.jpg
Latino_Hispanic,813.jpg
White,1164.jpg
Black,3467.jpg
Southeast Asian,7218.jpg
Black,536.jpg
Indian,1465.jpg
Latino_Hispanic,8212.jpg
Middle Eastern,5457.jpg
Southeast Asian,5125.jpg
Middle Eastern,8797.jpg
Latino_Hispanic,4068.jpg
Latino_Hispanic,17.jpg
Latino_Hispanic,8405.jpg
Indian,9087.jpg
Latino_Hispanic,5353.jpg
White,739.jpg
East Asian,5443.jpg
East Asian,691.jpg
Black,5394.jpg
Indian,4321.jpg
Indian,703.jpg
White,3380.jpg
Indian,6063.jpg
White,6356.jpg
White,5674.jpg
Middle Eastern,10202.jpg
East Asian,99.jpg
White,10864.jpg
White,7544.jpg
Indian,5157.jpg
Indian,1225.jpg
Latino_Hispanic,5866.jpg
Southeast Asian,3033.jpg
East Asian,10772.jpg
Black,8186.jpg
Latino_Hispanic,4126.jpg
Black,1129.jpg
Middle Eastern,5823.jpg
Latino_Hispanic,5506.jpg
Latino_Hispanic,1306.jpg
White,6871.jpg
East Asian,7656.jpg
Latino_Hispanic,10760.jpg
Indian,4628.jpg
East Asian,9296.jpg
Latino_Hispanic,6312.jpg
East Asian,4085.jpg
Latino_Hispanic,590.jpg
Middle Eastern,3641.jpg
Middle Eastern,7808.jpg
East Asian,10021.jpg
Black,5819.jpg
Middle Eastern,5998.jpg
Black,10867.jpg
Latino_Hispanic,5409.jpg
Black,9428.jpg
White,10128.jpg
White,4736.jpg
East Asian,1750.jpg
Black,1129.jpg
White,4122.jpg
Southeast Asian,5256.jpg
Southeast Asian,7064.jpg
Black,2212.jpg
East Asian,5048.jpg
Black,1197.jpg
Indian,9244.jpg
Latino_Hispanic,8262.jpg
Black,1123.jpg
Black,10175.jpg
Southeast Asian,8612.jpg
Southeast Asian,9666.jpg
White,533.jpg
Middle Eastern,2267.jpg
Latino_Hispanic,600.jpg
Latino_Hispanic,2894.jpg
Black,10040.jpg
Middle Eastern,6854.jpg
Latino_Hispanic,7084.jpg
Latino_Hispanic,5939.jpg
Indian,2906.jpg
Black,5047.jpg
Indian,8896.jpg
Black,4830.jpg
Black,10487.jpg
Black,9196.jpg
Black,700.jpg
Black,2809.jpg
East Asian,803.jpg
Southeast Asian,4285.jpg
Middle Eastern,6228.jpg
White,10928.jpg
Black,9484.jpg
White,5681.jpg
Latino_Hispanic,6426.jpg
Latino_Hispanic,3486.jpg
Indian,5283.jpg
Indian,2601.jpg
Southeast Asian,9569.jpg
East Asian,1809.jpg
Indian,7854.jpg
Indian,9677.jpg
Latino_Hispanic,6124.jpg
East Asian,7107.jpg
Southeast Asian,2506.jpg
Latino_Hispanic,5824.jpg
White,3980.jpg
Southeast Asian,9084.jpg
Latino_Hispanic,8860.jpg
Middle Eastern,8353.jpg
East Asian,3777.jpg
Middle Eastern,2016.jpg
Middle Eastern,10697.jpg
White,1220.jpg
Black,305.jpg
Black,6339.jpg
Indian,7318.jpg
East Asian,3216.jpg
Black,8693.jpg
East Asian,5012.jpg
Black,2230.jpg
Black,9695.jpg
White,2240.jpg
Latino_Hispanic,9351.jpg
Latino_Hispanic,9073.jpg
White,1248.jpg
East Asian,10384.jpg
Latino_Hispanic,8787.jpg
Southeast Asian,7610.jpg
Black,1401.jpg
Latino_Hispanic,2718.jpg
Southeast Asian,5744.jpg
Southeast Asian,5120.jpg
East Asian,4678.jpg
Black,5080.jpg
East Asian,8203.jpg
Black,908.jpg
Latino_Hispanic,1520.jpg
Latino_Hispanic,3991.jpg
Latino_Hispanic,5717.jpg
East Asian,4147.jpg
Indian,6171.jpg
Middle Eastern,9627.jpg
Indian,2379.jpg
Latino_Hispanic,3243.jpg
East Asian,2787.jpg
Black,9543.jpg
Southeast Asian,4359.jpg
Latino_Hispanic,6214.jpg
Southeast Asian,10377.jpg
Black,4451.jpg
Latino_Hispanic,3971.jpg
Latino_Hispanic,9067.jpg
White,9844.jpg
East Asian,5249.jpg
Southeast Asian,9173.jpg
Indian,1314.jpg
Black,7182.jpg
Southeast Asian,9257.jpg
East Asian,3796.jpg
Southeast Asian,10440.jpg
Southeast Asian,7237.jpg
Indian,1371.jpg
Latino_Hispanic,5459.jpg
Middle Eastern,634.jpg
Southeast Asian,6681.jpg
Black,6768.jpg
Southeast Asian,3048.jpg
Indian,6555.jpg
Black,6511.jpg
East Asian,894.jpg
Indian,5992.jpg
Indian,9205.jpg
Black,5379.jpg
Indian,7015.jpg
Black,3574.jpg
Black,10509.jpg
East Asian,3564.jpg
Southeast Asian,8197.jpg
Latino_Hispanic,8394.jpg
White,6284.jpg
Indian,9663.jpg
Southeast Asian,7200.jpg
Black,10471.jpg
Southeast Asian,10639.jpg
Black,6439.jpg
Black,5378.jpg
Southeast Asian,9764.jpg
Southeast Asian,5950.jpg
Black,911.jpg
Southeast Asian,7136.jpg
White,2069.jpg
Latino_Hispanic,4212.jpg
Southeast Asian,2248.jpg
Southeast Asian,1762.jpg
East Asian,7450.jpg
Latino_Hispanic,861.jpg
Latino_Hispanic,2729.jpg
East Asian,1644.jpg
Indian,6341.jpg
Latino_Hispanic,5096.jpg
Latino_Hispanic,9291.jpg
Middle Eastern,8745.jpg
Southeast Asian,10908.jpg
White,2766.jpg
Black,10812.jpg
Indian,5437.jpg
Southeast Asian,4994.jpg
Latino_Hispanic,8517.jpg
Middle Eastern,9158.jpg
Black,514.jpg
Indian,3117.jpg
Latino_Hispanic,7864.jpg
Indian,1095.jpg
Middle Eastern,2569.jpg
Indian,1394.jpg
Latino_Hispanic,3334.jpg
Latino_Hispanic,3310.jpg
Black,2233.jpg
Middle Eastern,1067.jpg
East Asian,6015.jpg
Southeast Asian,9110.jpg
Latino_Hispanic,8115.jpg
White,1699.jpg
Latino_Hispanic,5133.jpg
Southeast Asian,407.jpg
White,10680.jpg
Latino_Hispanic,1826.jpg
Southeast Asian,2454.jpg
Black,277.jpg
Middle Eastern,3874.jpg
Black,6268.jpg
White,6826.jpg
Latino_Hispanic,1473.jpg
East Asian,10164.jpg
Black,4873.jpg
Black,902.jpg
Black,2413.jpg
Latino_Hispanic,6121.jpg
Middle Eastern,193.jpg
East Asian,5623.jpg
Black,5167.jpg
Southeast Asian,3244.jpg
White,1245.jpg
Latino_Hispanic,2285.jpg
Indian,8827.jpg
Black,1739.jpg
East Asian,1784.jpg
East Asian,9377.jpg
Latino_Hispanic,2170.jpg
Southeast Asian,585.jpg
White,10305.jpg
Middle Eastern,5610.jpg
Black,9560.jpg
East Asian,2360.jpg
Southeast Asian,6066.jpg
Black,7043.jpg
Black,3625.jpg
Black,5067.jpg
Southeast Asian,5938.jpg
Indian,10786.jpg
Indian,3327.jpg
Black,285.jpg
Latino_Hispanic,9943.jpg
Latino_Hispanic,4338.jpg
Southeast Asian,10326.jpg
East Asian,8667.jpg
Latino_Hispanic,2584.jpg
Indian,10036.jpg
Latino_Hispanic,4613.jpg
East Asian,3367.jpg
Middle Eastern,4447.jpg
Black,4422.jpg
East Asian,7739.jpg
White,9064.jpg
Latino_Hispanic,8378.jpg
East Asian,6538.jpg
Latino_Hispanic,2394.jpg
East Asian,6282.jpg
Black,6267.jpg
East Asian,1121.jpg
Middle Eastern,10835.jpg
East Asian,4740.jpg
White,2925.jpg
Latino_Hispanic,421.jpg
Southeast Asian,1825.jpg
Latino_Hispanic,3726.jpg
Middle Eastern,7776.jpg
Black,302.jpg
Southeast Asian,4144.jpg
East Asian,5761.jpg
East Asian,8617.jpg
Black,5212.jpg
East Asian,5097.jpg
East Asian,7825.jpg
East Asian,8414.jpg
Middle Eastern,3702.jpg
Indian,8484.jpg
Latino_Hispanic,8571.jpg
East Asian,4095.jpg
Latino_Hispanic,10081.jpg
White,2780.jpg
Latino_Hispanic,5649.jpg
Black,276.jpg
Indian,10401.jpg
Indian,2920.jpg
Latino_Hispanic,10614.jpg
Indian,1770.jpg
East Asian,8076.jpg
Indian,2463.jpg
White,787.jpg
Indian,1086.jpg
White,8835.jpg
Black,6229.jpg
White,9027.jpg
Indian,485.jpg
Black,243.jpg
Latino_Hispanic,6109.jpg
White,3123.jpg
Black,2736.jpg
Latino_Hispanic,2963.jpg
Indian,4831.jpg
Southeast Asian,9569.jpg
Latino_Hispanic,2409.jpg
Latino_Hispanic,6879.jpg
Latino_Hispanic,3192.jpg
White,3134.jpg
Latino_Hispanic,10592.jpg
Latino_Hispanic,10856.jpg
Latino_Hispanic,6414.jpg
Latino_Hispanic,3833.jpg
White,3682.jpg
Southeast Asian,8328.jpg
Indian,5474.jpg
Latino_Hispanic,3439.jpg
Indian,8582.jpg
Black,2307.jpg
White,10028.jpg
East Asian,5781.jpg
White,10706.jpg
Indian,9023.jpg
Middle Eastern,10626.jpg
Indian,10816.jpg
Southeast Asian,107.jpg
Indian,5826.jpg
White,6234.jpg
Black,2988.jpg
Southeast Asian,6330.jpg
Southeast Asian,783.jpg
White,10374.jpg
White,622.jpg
Black,2996.jpg
East Asian,6778.jpg
Latino_Hispanic,242.jpg
Latino_Hispanic,2029.jpg
Southeast Asian,9213.jpg
White,5977.jpg
Indian,10382.jpg
Indian,5627.jpg
Black,9560.jpg
Latino_Hispanic,5380.jpg
Indian,6643.jpg
Southeast Asian,3933.jpg
East Asian,5839.jpg
Black,2251.jpg
Southeast Asian,1025.jpg
Middle Eastern,5484.jpg
Middle Eastern,4281.jpg
Latino_Hispanic,2466.jpg
White,4130.jpg
White,9740.jpg
Indian,2818.jpg
East Asian,9815.jpg
Middle Eastern,5642.jpg
Middle Eastern,4906.jpg
Latino_Hispanic,8812.jpg
Black,2870.jpg
Latino_Hispanic,9940.jpg
East Asian,162.jpg
Indian,10187.jpg
Latino_Hispanic,6355.jpg
Middle Eastern,4365.jpg
Black,8948.jpg
Latino_Hispanic,10611.jpg
Southeast Asian,4277.jpg
Middle Eastern,6399.jpg
Latino_Hispanic,5468.jpg
Black,1478.jpg
White,4405.jpg
Black,5066.jpg
Latino_Hispanic,1567.jpg
Middle Eastern,3897.jpg
Black,3918.jpg
Southeast Asian,10483.jpg
East Asian,8202.jpg
Indian,4455.jpg
Indian,3017.jpg
White,5977.jpg
Latino_Hispanic,8759.jpg
Black,9654.jpg
Indian,7618.jpg
Southeast Asian,296.jpg
Latino_Hispanic,604.jpg
Indian,7207.jpg
Black,6381.jpg
Black,5255.jpg
Indian,8950.jpg
Latino_Hispanic,1163.jpg
Black,1605.jpg
Latino_Hispanic,5260.jpg
Southeast Asian,523.jpg
Indian,7395.jpg
Indian,565.jpg
Black,9000.jpg
East Asian,8724.jpg
East Asian,9056.jpg
White,6755.jpg
Black,4834.jpg
Latino_Hispanic,1620.jpg
Black,7338.jpg
East Asian,4453.jpg
Indian,10851.jpg
Black,5147.jpg
Southeast Asian,8624.jpg
White,8973.jpg
Indian,9359.jpg
Black,666.jpg
Latino_Hispanic,2776.jpg
Latino_Hispanic,4746.jpg
Middle Eastern,5112.jpg
Indian,8858.jpg
Black,8927.jpg
Southeast Asian,1108.jpg
Middle Eastern,10364.jpg
Southeast Asian,8923.jpg
East Asian,10282.jpg
White,7035.jpg
White,2461.jpg
Latino_Hispanic,2504.jpg
Indian,10887.jpg
Latino_Hispanic,985.jpg
White,2964.jpg
Latino_Hispanic,8474.jpg
Latino_Hispanic,4664.jpg
Black,9176.jpg
Middle Eastern,2558.jpg
Southeast Asian,7907.jpg
Black,2941.jpg
White,2479.jpg
Black,2121.jpg
East Asian,219.jpg
White,9741.jpg
Southeast Asian,2067.jpg
Indian,1598.jpg
White,6234.jpg
East Asian,8739.jpg
East Asian,9826.jpg
Indian,1949.jpg
Black,4515.jpg
Indian,704.jpg
East Asian,2661.jpg
East Asian,2081.jpg
East Asian,2723.jpg
Black,3047.jpg
Southeast Asian,5938.jpg
Latino_Hispanic,1127.jpg
Black,8269.jpg
East Asian,7984.jpg
East Asian,7893.jpg
Indian,10522.jpg
White,3473.jpg
Black,10709.jpg
Latino_Hispanic,9181.jpg
Latino_Hispanic,648.jpg
Black,8364.jpg
Middle Eastern,8749.jpg
Middle Eastern,2888.jpg
Latino_Hispanic,5292.jpg
Indian,5322.jpg
Indian,4323.jpg
Latino_Hispanic,2239.jpg
Black,143.jpg
Middle Eastern,109.jpg
Southeast Asian,3496.jpg
Latino_Hispanic,6592.jpg
East Asian,2556.jpg
Indian,3432.jpg
Southeast Asian,2238.jpg
Latino_Hispanic,6202.jpg
Black,10425.jpg
Indian,4352.jpg
Black,9016.jpg
Latino_Hispanic,10729.jpg
Southeast Asian,3056.jpg
Indian,3064.jpg
Latino_Hispanic,7356.jpg
Latino_Hispanic,968.jpg
Latino_Hispanic,3849.jpg
Black,3841.jpg
Middle Eastern,2790.jpg
Southeast Asian,4953.jpg
White,4691.jpg
Latino_Hispanic,9913.jpg
Indian,8155.jpg
Southeast Asian,986.jpg
Black,1876.jpg
Indian,1120.jpg
Southeast Asian,5910.jpg
Latino_Hispanic,3084.jpg
Middle Eastern,6283.jpg
Indian,4336.jpg
Middle Eastern,5484.jpg
Latino_Hispanic,8316.jpg
Indian,5023.jpg
White,8973.jpg
Middle Eastern,8676.jpg
Black,9703.jpg
Black,504.jpg
Southeast Asian,8313.jpg
Indian,5076.jpg
Black,733.jpg
East Asian,4812.jpg
Black,1898.jpg
Southeast Asian,5297.jpg
East Asian,10288.jpg
White,4699.jpg
White,7359.jpg
Southeast Asian,2219.jpg
Black,1438.jpg
Black,723.jpg
Black,1899.jpg
Middle Eastern,5495.jpg
Indian,583.jpg
Black,3287.jpg
Latino_Hispanic,4298.jpg
Indian,2596.jpg
Black,9543.jpg
Middle Eastern,1995.jpg
East Asian,8600.jpg
White,19.jpg
Indian,6432.jpg
Indian,9355.jpg
Southeast Asian,10106.jpg
Southeast Asian,10767.jpg
Indian,6815.jpg
East Asian,5467.jpg
Latino_Hispanic,1412.jpg
Latino_Hispanic,5319.jpg
Black,6537.jpg
Latino_Hispanic,1608.jpg
Black,7746.jpg
Southeast Asian,10844.jpg
East Asian,1596.jpg
Southeast Asian,1096.jpg
Middle Eastern,6623.jpg
Indian,2593.jpg
Latino_Hispanic,10467.jpg
Latino_Hispanic,471.jpg
Middle Eastern,6252.jpg
East Asian,8807.jpg
East Asian,2977.jpg
Middle Eastern,10789.jpg
Indian,10834.jpg
Latino_Hispanic,10251.jpg
Black,10193.jpg
Middle Eastern,5463.jpg
Black,6193.jpg
Black,6861.jpg
East Asian,5170.jpg
East Asian,1313.jpg
Indian,521.jpg
Latino_Hispanic,6963.jpg
Indian,3290.jpg
East Asian,1771.jpg
Black,4289.jpg
White,5449.jpg
Middle Eastern,410.jpg
East Asian,6093.jpg
Latino_Hispanic,9116.jpg
White,9857.jpg
Latino_Hispanic,7123.jpg
Indian,8879.jpg
Black,532.jpg
Indian,9380.jpg
Black,10814.jpg
East Asian,6733.jpg
East Asian,10391.jpg
Indian,9385.jpg
Indian,10205.jpg
Indian,7015.jpg
White,3911.jpg
East Asian,9167.jpg
East Asian,46.jpg
Indian,1794.jpg
Latino_Hispanic,692.jpg
Southeast Asian,9916.jpg
Black,5050.jpg
Indian,6405.jpg
Middle Eastern,3997.jpg
Latino_Hispanic,4384.jpg
Indian,10155.jpg
East Asian,2070.jpg
Middle Eastern,6784.jpg
White,923.jpg
White,8420.jpg
Latino_Hispanic,7522.jpg
Southeast Asian,3707.jpg
Indian,8029.jpg
Latino_Hispanic,7470.jpg
Indian,4290.jpg
Indian,6097.jpg
Black,1179.jpg
Latino_Hispanic,9944.jpg
Southeast Asian,3219.jpg
Indian,4287.jpg
Middle Eastern,750.jpg
Black,8761.jpg
Black,4177.jpg
Southeast Asian,720.jpg
Black,2424.jpg
East Asian,7974.jpg
Black,9193.jpg
Middle Eastern,3702.jpg
Middle Eastern,3650.jpg
Latino_Hispanic,798.jpg
Black,8171.jpg
Black,10708.jpg
Latino_Hispanic,7601.jpg
Indian,2548.jpg
Indian,6112.jpg
East Asian,1718.jpg
Black,6005.jpg
White,9094.jpg
Latino_Hispanic,8527.jpg
Black,10169.jpg
Southeast Asian,5982.jpg
Southeast Asian,24.jpg
Black,10852.jpg
Latino_Hispanic,4660.jpg
White,9252.jpg
East Asian,7011.jpg
Southeast Asian,4994.jpg
Southeast Asian,1698.jpg
Indian,10009.jpg
Southeast Asian,10767.jpg
Indian,7952.jpg
Southeast Asian,8023.jpg
East Asian,9148.jpg
Latino_Hispanic,471.jpg
Latino_Hispanic,8419.jpg
Black,4720.jpg
Indian,5825.jpg
Black,6358.jpg
Indian,3250.jpg
East Asian,7249.jpg
Indian,10208.jpg
Black,7061.jpg
East Asian,2939.jpg
East Asian,6290.jpg
East Asian,8590.jpg
East Asian,1505.jpg
Indian,2490.jpg
Indian,2026.jpg
East Asian,4740.jpg
Indian,2452.jpg
White,6423.jpg
White,3512.jpg
Indian,5627.jpg
Latino_Hispanic,1618.jpg
Southeast Asian,9570.jpg
Black,1515.jpg
Southeast Asian,7335.jpg
Latino_Hispanic,7229.jpg
Latino_Hispanic,173.jpg
East Asian,3644.jpg
East Asian,2812.jpg
Latino_Hispanic,9406.jpg
Latino_Hispanic,3541.jpg
East Asian,7344.jpg
Black,167.jpg
Middle Eastern,791.jpg
Latino_Hispanic,8181.jpg
Middle Eastern,5891.jpg
East Asian,6973.jpg
East Asian,546.jpg
Latino_Hispanic,10794.jpg
Latino_Hispanic,8224.jpg
Middle Eastern,2109.jpg
White,10167.jpg
Latino_Hispanic,1852.jpg
Indian,9363.jpg
Indian,6984.jpg
East Asian,3061.jpg
Latino_Hispanic,3240.jpg
Middle Eastern,5553.jpg
Southeast Asian,8264.jpg
Black,5500.jpg
White,8727.jpg
Latino_Hispanic,390.jpg
Indian,2796.jpg
Indian,2008.jpg
Latino_Hispanic,2197.jpg
White,9821.jpg
East Asian,2665.jpg
Black,5414.jpg
Black,8927.jpg
White,8549.jpg
Southeast Asian,2998.jpg
East Asian,8529.jpg
Southeast Asian,8832.jpg
Southeast Asian,406.jpg
Indian,26.jpg
Black,4042.jpg
White,3869.jpg
Indian,10895.jpg
Latino_Hispanic,716.jpg
Southeast Asian,2304.jpg
Southeast Asian,8612.jpg
Latino_Hispanic,2707.jpg
Black,9561.jpg
Southeast Asian,1977.jpg
East Asian,9550.jpg
White,3198.jpg
Latino_Hispanic,2938.jpg
Middle Eastern,5427.jpg
East Asian,6892.jpg
Black,1311.jpg
Middle Eastern,2296.jpg
Latino_Hispanic,1521.jpg
Indian,4525.jpg
East Asian,1666.jpg
Indian,9115.jpg
Black,6807.jpg
East Asian,5098.jpg
Latino_Hispanic,3994.jpg
Middle Eastern,1141.jpg
Latino_Hispanic,3242.jpg
East Asian,676.jpg
Southeast Asian,8113.jpg
East Asian,8042.jpg
Black,908.jpg
Middle Eastern,5187.jpg
Black,4620.jpg
Southeast Asian,9047.jpg
Middle Eastern,9730.jpg
Black,9769.jpg
East Asian,7643.jpg
Latino_Hispanic,2778.jpg
Southeast Asian,406.jpg
Latino_Hispanic,5542.jpg
Black,6195.jpg
Black,10031.jpg
White,3915.jpg
Black,5223.jpg
East Asian,8994.jpg
Indian,3421.jpg
Middle Eastern,8075.jpg
Black,9612.jpg
White,1220.jpg
Black,8957.jpg
Southeast Asian,3749.jpg
White,9563.jpg
Latino_Hispanic,6975.jpg
East Asian,9245.jpg
Indian,1299.jpg
White,9208.jpg
Indian,6539.jpg
White,3563.jpg
East Asian,4740.jpg
Indian,4861.jpg
Black,2291.jpg
Indian,6576.jpg
Black,2498.jpg
Black,8139.jpg
Latino_Hispanic,1163.jpg
Middle Eastern,193.jpg
Southeast Asian,4912.jpg
Indian,10047.jpg
Middle Eastern,104.jpg
Indian,9363.jpg
Southeast Asian,4748.jpg
Latino_Hispanic,7723.jpg
White,9393.jpg
Latino_Hispanic,2243.jpg
East Asian,205.jpg
Black,6157.jpg
White,3468.jpg
Indian,7395.jpg
Indian,2025.jpg
Indian,3738.jpg
Latino_Hispanic,5292.jpg
Indian,2463.jpg
Latino_Hispanic,10611.jpg
Middle Eastern,8126.jpg
Latino_Hispanic,7095.jpg
Latino_Hispanic,10118.jpg
Indian,9098.jpg
Black,796.jpg
Southeast Asian,3297.jpg
Southeast Asian,3528.jpg
East Asian,1313.jpg
Indian,6117.jpg
Latino_Hispanic,6429.jpg
Black,1755.jpg
Indian,10651.jpg
Indian,2630.jpg
Indian,1244.jpg
White,4411.jpg
White,8349.jpg
Latino_Hispanic,968.jpg
East Asian,5373.jpg
Middle Eastern,10499.jpg
East Asian,2319.jpg
Southeast Asian,8379.jpg
White,5557.jpg
East Asian,1271.jpg
Black,3097.jpg
Southeast Asian,10723.jpg
Southeast Asian,5204.jpg
Latino_Hispanic,1280.jpg
Indian,273.jpg
East Asian,5623.jpg
Latino_Hispanic,1377.jpg
Latino_Hispanic,9024.jpg
Latino_Hispanic,10540.jpg
Black,7564.jpg
Latino_Hispanic,937.jpg
East Asian,3972.jpg
Black,6861.jpg
White,2124.jpg
White,7124.jpg
White,7292.jpg
Southeast Asian,4748.jpg
Southeast Asian,10617.jpg
Black,7921.jpg
East Asian,3275.jpg
White,7573.jpg
East Asian,10043.jpg
Middle Eastern,9035.jpg
Middle Eastern,903.jpg
Middle Eastern,5316.jpg
White,1477.jpg
Southeast Asian,3951.jpg
Latino_Hispanic,5193.jpg
East Asian,3272.jpg
Black,1522.jpg
East Asian,10453.jpg
Latino_Hispanic,2148.jpg
Middle Eastern,4086.jpg
Indian,10196.jpg
White,5894.jpg
East Asian,4146.jpg
White,2949.jpg
Southeast Asian,1295.jpg
Indian,7481.jpg
East Asian,1308.jpg
Indian,3518.jpg
Indian,6063.jpg
Indian,6090.jpg
Indian,2030.jpg
Middle Eastern,9511.jpg
Indian,7582.jpg
Middle Eastern,10426.jpg
Indian,8422.jpg
White,1950.jpg
Southeast Asian,2252.jpg
White,3998.jpg
Indian,7604.jpg
Indian,6341.jpg
East Asian,6538.jpg
Latino_Hispanic,3227.jpg
East Asian,10262.jpg
East Asian,7530.jpg
Indian,9970.jpg
Black,6951.jpg
Middle Eastern,3653.jpg
Latino_Hispanic,5899.jpg
White,1706.jpg
Indian,10498.jpg
White,2460.jpg
East Asian,1958.jpg
White,7556.jpg
White,7127.jpg
East Asian,10511.jpg
East Asian,8590.jpg
Latino_Hispanic,3852.jpg
Indian,2527.jpg
Southeast Asian,10483.jpg
Southeast Asian,10195.jpg
Black,6877.jpg
Southeast Asian,4077.jpg
East Asian,8508.jpg
Latino_Hispanic,7640.jpg
East Asian,5663.jpg
Black,2436.jpg
Southeast Asian,5950.jpg
Indian,3490.jpg
Indian,5837.jpg
Latino_Hispanic,421.jpg
East Asian,8217.jpg
Indian,7361.jpg
Indian,5322.jpg
East Asian,7949.jpg
Indian,5581.jpg
Southeast Asian,5611.jpg
Black,1294.jpg
Black,6906.jpg
East Asian,3520.jpg
White,7166.jpg
East Asian,8637.jpg
Black,1819.jpg
Latino_Hispanic,10139.jpg
Black,8989.jpg
White,8302.jpg
Southeast Asian,1797.jpg
Southeast Asian,7795.jpg
White,1275.jpg
Indian,4259.jpg
Latino_Hispanic,6149.jpg
White,3434.jpg
Latino_Hispanic,8545.jpg
White,9577.jpg
Indian,5753.jpg
East Asian,459.jpg
Southeast Asian,2685.jpg
Southeast Asian,6893.jpg
Middle Eastern,8729.jpg
East Asian,9093.jpg
White,3263.jpg
East Asian,9093.jpg
White,8440.jpg
Latino_Hispanic,6244.jpg
Southeast Asian,4010.jpg
Latino_Hispanic,7510.jpg
Indian,5447.jpg
East Asian,5930.jpg
Latino_Hispanic,693.jpg
Black,1443.jpg
Indian,8570.jpg
Indian,7464.jpg
Middle Eastern,990.jpg
Latino_Hispanic,2015.jpg
Southeast Asian,5746.jpg
Latino_Hispanic,5995.jpg
East Asian,1261.jpg
Black,7969.jpg
Black,9017.jpg
Indian,318.jpg
Black,9731.jpg
Middle Eastern,5956.jpg
East Asian,842.jpg
White,8481.jpg
Indian,777.jpg
East Asian,7047.jpg
Latino_Hispanic,4819.jpg
East Asian,1848.jpg
Indian,2773.jpg
Middle Eastern,7490.jpg
Latino_Hispanic,8178.jpg
Indian,6729.jpg
Indian,825.jpg
Southeast Asian,12.jpg
Southeast Asian,690.jpg
Black,763.jpg
Black,5483.jpg
White,9486.jpg
Southeast Asian,2167.jpg
East Asian,7563.jpg
Indian,9663.jpg
Black,8136.jpg
Latino_Hispanic,3825.jpg
White,83.jpg
White,4665.jpg
Black,10339.jpg
Black,10052.jpg
East Asian,9321.jpg
Southeast Asian,3041.jpg
Latino_Hispanic,7365.jpg
East Asian,2482.jpg
White,5925.jpg
Indian,9674.jpg
East Asian,1687.jpg
East Asian,5391.jpg
Southeast Asian,530.jpg
Black,10031.jpg
Southeast Asian,5512.jpg
East Asian,1265.jpg
Indian,2155.jpg
Latino_Hispanic,7418.jpg
White,10054.jpg
Latino_Hispanic,3986.jpg
White,6471.jpg
Black,7646.jpg
Indian,4440.jpg
Latino_Hispanic,7864.jpg
East Asian,3867.jpg
White,10721.jpg
Latino_Hispanic,1476.jpg
East Asian,2194.jpg
Indian,825.jpg
Black,8902.jpg
Black,7217.jpg
Indian,9485.jpg
Latino_Hispanic,1316.jpg
Black,6914.jpg
East Asian,7249.jpg
White,7687.jpg
Black,5500.jpg
East Asian,4209.jpg
Indian,10822.jpg
East Asian,7690.jpg
Black,7048.jpg
White,787.jpg
East Asian,111.jpg
Southeast Asian,1952.jpg
Indian,2527.jpg
Latino_Hispanic,2516.jpg
Indian,10005.jpg
Southeast Asian,2685.jpg
Black,5573.jpg
Black,8614.jpg
Indian,4465.jpg
East Asian,9617.jpg
East Asian,2420.jpg
East Asian,6725.jpg
Southeast Asian,7710.jpg
East Asian,9669.jpg
Southeast Asian,6909.jpg
East Asian,333.jpg
Latino_Hispanic,5439.jpg
East Asian,8637.jpg
Southeast Asian,10790.jpg
Indian,6180.jpg
East Asian,10302.jpg
Black,1369.jpg
Black,2380.jpg
Southeast Asian,10526.jpg
East Asian,5538.jpg
White,8861.jpg
Indian,10925.jpg
Black,10327.jpg
Indian,10601.jpg
White,1283.jpg
Indian,4883.jpg
White,4693.jpg
East Asian,4696.jpg
Black,2979.jpg
Southeast Asian,3119.jpg
White,2590.jpg
White,540.jpg
East Asian,9836.jpg
East Asian,9855.jpg
Black,1785.jpg
Southeast Asian,5524.jpg
White,7430.jpg
Southeast Asian,1811.jpg
Latino_Hispanic,268.jpg
Southeast Asian,7862.jpg
Black,9415.jpg
Indian,7311.jpg
Latino_Hispanic,10649.jpg
Middle Eastern,7519.jpg
Latino_Hispanic,9350.jpg
Latino_Hispanic,419.jpg
Southeast Asian,6212.jpg
Latino_Hispanic,4732.jpg
Indian,195.jpg
Middle Eastern,5187.jpg
Black,3187.jpg
Black,10191.jpg
East Asian,3564.jpg
Black,2891.jpg
Middle Eastern,3015.jpg
Southeast Asian,2946.jpg
Indian,7026.jpg
Southeast Asian,215.jpg
East Asian,9299.jpg
Indian,10816.jpg
Black,3399.jpg
Black,1143.jpg
East Asian,3744.jpg
Latino_Hispanic,3441.jpg
East Asian,350.jpg
White,3992.jpg
Indian,10442.jpg
Black,7434.jpg
Southeast Asian,2612.jpg
East Asian,4179.jpg
Black,248.jpg
Southeast Asian,4006.jpg
Latino_Hispanic,6879.jpg
East Asian,3691.jpg
White,10305.jpg
Indian,9030.jpg
Latino_Hispanic,6167.jpg
Latino_Hispanic,6275.jpg
Middle Eastern,10571.jpg
Latino_Hispanic,9350.jpg
East Asian,3345.jpg
White,8481.jpg
Indian,187.jpg
White,6769.jpg
Indian,10620.jpg
Black,476.jpg
Black,4149.jpg
Indian,6927.jpg
Black,1311.jpg
East Asian,8838.jpg
Black,3507.jpg
Middle Eastern,3511.jpg
East Asian,2119.jpg
Indian,5508.jpg
Indian,8564.jpg
Southeast Asian,5355.jpg
Black,5073.jpg
Indian,7120.jpg
Black,6120.jpg
Indian,5179.jpg
White,9848.jpg
East Asian,395.jpg
Middle Eastern,2565.jpg
Black,4947.jpg
Latino_Hispanic,2616.jpg
Southeast Asian,3655.jpg
White,7473.jpg
White,1210.jpg
Indian,4013.jpg
White,6902.jpg
Indian,1094.jpg
East Asian,9960.jpg
Latino_Hispanic,7097.jpg
Black,6451.jpg
Middle Eastern,5306.jpg
White,470.jpg
Black,7327.jpg
Latino_Hispanic,1875.jpg
Latino_Hispanic,10781.jpg
Black,2350.jpg
Black,7482.jpg
Black,7694.jpg
Indian,4440.jpg
Latino_Hispanic,5523.jpg
Black,7294.jpg
White,4405.jpg
East Asian,4955.jpg
Indian,4560.jpg
Latino_Hispanic,5096.jpg
White,9064.jpg
Indian,7126.jpg
Indian,6832.jpg
Latino_Hispanic,2239.jpg
White,9879.jpg
Middle Eastern,3373.jpg
White,3233.jpg
Indian,9878.jpg
Indian,1799.jpg
East Asian,3095.jpg
Black,3715.jpg
Black,8437.jpg
Indian,7753.jpg
Latino_Hispanic,6720.jpg
Black,5532.jpg
East Asian,4203.jpg
Southeast Asian,3297.jpg
Indian,7137.jpg
Latino_Hispanic,6764.jpg
Black,9307.jpg
White,1622.jpg
Middle Eastern,4856.jpg
Latino_Hispanic,6222.jpg
Middle Eastern,3015.jpg
Black,6985.jpg
White,7241.jpg
White,5937.jpg
Black,8957.jpg
Indian,10663.jpg
Black,10751.jpg
Southeast Asian,2178.jpg
Indian,710.jpg
White,6300.jpg
White,8836.jpg
Black,733.jpg
Black,9409.jpg
East Asian,6472.jpg
Indian,2057.jpg
Black,606.jpg
Black,4830.jpg
East Asian,9145.jpg
Black,3674.jpg
Indian,3308.jpg
Southeast Asian,4168.jpg
East Asian,4534.jpg
Indian,3792.jpg
East Asian,1428.jpg
White,10166.jpg
White,1119.jpg
East Asian,9299.jpg
Latino_Hispanic,2151.jpg
Black,6178.jpg
White,3263.jpg
White,2551.jpg
Latino_Hispanic,8419.jpg
Latino_Hispanic,9283.jpg
East Asian,8485.jpg
Middle Eastern,6617.jpg
Southeast Asian,3734.jpg
Latino_Hispanic,7941.jpg
White,5925.jpg
Indian,1278.jpg
Middle Eastern,4131.jpg
East Asian,9709.jpg
Middle Eastern,5103.jpg
Southeast Asian,4062.jpg
Black,6274.jpg
Indian,6712.jpg
East Asian,9344.jpg
Indian,10348.jpg
Southeast Asian,7466.jpg
Middle Eastern,2267.jpg
Indian,4348.jpg
Indian,3910.jpg
Latino_Hispanic,5711.jpg
Latino_Hispanic,635.jpg
Indian,950.jpg
Latino_Hispanic,6665.jpg
Latino_Hispanic,3506.jpg
Middle Eastern,8745.jpg
East Asian,9207.jpg
Indian,6249.jpg
Middle Eastern,6428.jpg
Latino_Hispanic,6635.jpg
Middle Eastern,2374.jpg
Southeast Asian,2494.jpg
Indian,8582.jpg
Southeast Asian,8909.jpg
Latino_Hispanic,3497.jpg
Latino_Hispanic,3344.jpg
East Asian,10718.jpg
White,629.jpg
White,10652.jpg
Latino_Hispanic,6110.jpg
White,1872.jpg
White,4185.jpg
Southeast Asian,2032.jpg
White,7883.jpg
Middle Eastern,442.jpg
Indian,9357.jpg
East Asian,10350.jpg
Southeast Asian,9173.jpg
East Asian,1285.jpg
Southeast Asian,2804.jpg
White,5214.jpg
East Asian,10107.jpg
Black,9587.jpg
Black,3226.jpg
Southeast Asian,1406.jpg
Indian,5320.jpg
Indian,7483.jpg
Black,384.jpg
Indian,918.jpg
Indian,2236.jpg
Southeast Asian,4953.jpg
White,2679.jpg
Black,4965.jpg
White,96.jpg
Latino_Hispanic,5002.jpg
Latino_Hispanic,10431.jpg
Indian,9045.jpg
White,737.jpg
White,8577.jpg
Black,532.jpg
Indian,8422.jpg
White,9685.jpg
Latino_Hispanic,10838.jpg
White,3349.jpg
East Asian,8646.jpg
East Asian,4179.jpg
Latino_Hispanic,8840.jpg
Middle Eastern,9369.jpg
White,181.jpg
Black,7326.jpg
Black,7789.jpg
Black,7039.jpg
Latino_Hispanic,5509.jpg
East Asian,964.jpg
Latino_Hispanic,7094.jpg
East Asian,9296.jpg
Latino_Hispanic,6220.jpg
White,8727.jpg
White,4536.jpg
Indian,10550.jpg
Latino_Hispanic,5177.jpg
Latino_Hispanic,7123.jpg
White,7238.jpg
White,2719.jpg
Latino_Hispanic,9101.jpg
Black,8421.jpg
East Asian,2989.jpg
Indian,6613.jpg
East Asian,9868.jpg
Black,930.jpg
White,2877.jpg
Latino_Hispanic,10589.jpg
Southeast Asian,8604.jpg
Indian,5476.jpg
Black,1767.jpg
Southeast Asian,4531.jpg
Indian,247.jpg
Black,7308.jpg
East Asian,3879.jpg
White,7166.jpg
Latino_Hispanic,9072.jpg
Latino_Hispanic,1456.jpg
Black,5483.jpg
Latino_Hispanic,6968.jpg
East Asian,5656.jpg
Middle Eastern,10387.jpg
White,9252.jpg
East Asian,7825.jpg
Indian,7483.jpg
White,5665.jpg
Middle Eastern,6617.jpg
Middle Eastern,2058.jpg
Black,8402.jpg
Latino_Hispanic,8497.jpg
White,4941.jpg
Southeast Asian,5512.jpg
Southeast Asian,2755.jpg
Black,7528.jpg
Southeast Asian,7699.jpg
Southeast Asian,986.jpg
Indian,2181.jpg
Indian,8062.jpg
East Asian,7424.jpg
Southeast Asian,3528.jpg
White,3107.jpg
Black,7646.jpg
East Asian,1397.jpg
White,7320.jpg
Black,5275.jpg
Latino_Hispanic,3746.jpg
Indian,8569.jpg
Southeast Asian,3494.jpg
Indian,5061.jpg
Latino_Hispanic,3296.jpg
White,1741.jpg
East Asian,10281.jpg
Southeast Asian,1174.jpg
Black,2511.jpg
East Asian,6075.jpg
East Asian,8008.jpg
Southeast Asian,1561.jpg
East Asian,6881.jpg
Middle Eastern,3257.jpg
Southeast Asian,3698.jpg
East Asian,7836.jpg
White,79.jpg
Southeast Asian,10450.jpg
Southeast Asian,4244.jpg
Southeast Asian,2983.jpg
Indian,7918.jpg
Black,9798.jpg
Latino_Hispanic,711.jpg
Black,1388.jpg
Latino_Hispanic,409.jpg
Black,326.jpg
Latino_Hispanic,10316.jpg
Black,6456.jpg
Latino_Hispanic,7254.jpg
East Asian,8993.jpg
Southeast Asian,6427.jpg
Indian,7239.jpg
Indian,10198.jpg
Indian,10312.jpg
Middle Eastern,5496.jpg
Latino_Hispanic,9905.jpg
White,5010.jpg
Middle Eastern,2024.jpg
East Asian,3249.jpg
Southeast Asian,2952.jpg
Latino_Hispanic,6853.jpg
White,9429.jpg
Southeast Asian,6651.jpg
Latino_Hispanic,848.jpg
Southeast Asian,5338.jpg
Indian,5004.jpg
Latino_Hispanic,2561.jpg
East Asian,3634.jpg
White,3473.jpg
Black,4406.jpg
Middle Eastern,4869.jpg
East Asian,899.jpg
White,3163.jpg
East Asian,9408.jpg
East Asian,2196.jpg
White,10144.jpg
White,2352.jpg
East Asian,264.jpg
White,9276.jpg
White,7074.jpg
Latino_Hispanic,8682.jpg
Black,1373.jpg
Southeast Asian,2880.jpg
Black,6376.jpg
White,9325.jpg
Middle Eastern,2193.jpg
Latino_Hispanic,9551.jpg
White,2277.jpg
Latino_Hispanic,9032.jpg
Indian,5554.jpg
East Asian,6773.jpg
Indian,1615.jpg
East Asian,7639.jpg
Southeast Asian,102.jpg
Indian,10386.jpg
White,3758.jpg
East Asian,2006.jpg
Indian,2797.jpg
Black,4111.jpg
East Asian,2744.jpg
White,8275.jpg
Southeast Asian,1042.jpg
East Asian,1060.jpg
Indian,9253.jpg
Black,3701.jpg
Middle Eastern,1790.jpg
White,9037.jpg
Indian,8633.jpg
Indian,9941.jpg
Latino_Hispanic,2853.jpg
East Asian,9813.jpg
Southeast Asian,4366.jpg
White,5937.jpg
White,10904.jpg
White,2743.jpg
East Asian,3616.jpg
White,6461.jpg
White,5403.jpg
Black,10469.jpg
Indian,7420.jpg
Black,6835.jpg
East Asian,8016.jpg
Southeast Asian,337.jpg
Middle Eastern,701.jpg
White,9734.jpg
Southeast Asian,3898.jpg
White,5662.jpg
Southeast Asian,3587.jpg
Southeast Asian,8239.jpg
Indian,3256.jpg
Middle Eastern,1266.jpg
Latino_Hispanic,8712.jpg
East Asian,9754.jpg
Black,3900.jpg
Southeast Asian,8909.jpg
East Asian,6130.jpg
Black,6195.jpg
White,9332.jpg
East Asian,5927.jpg
Indian,7460.jpg
Indian,2898.jpg
Latino_Hispanic,7252.jpg
Latino_Hispanic,5717.jpg
White,2798.jpg
Middle Eastern,3947.jpg
Middle Eastern,6918.jpg
White,3840.jpg
Black,3357.jpg
White,10374.jpg
Latino_Hispanic,884.jpg
Indian,2057.jpg
Indian,2137.jpg
Indian,9113.jpg
Black,3347.jpg
Middle Eastern,4856.jpg
East Asian,1671.jpg
Indian,5953.jpg
White,8257.jpg
Middle Eastern,506.jpg
Black,643.jpg
Southeast Asian,4771.jpg
East Asian,9353.jpg
Black,475.jpg
Southeast Asian,1990.jpg
Southeast Asian,4776.jpg
Middle Eastern,8886.jpg
Latino_Hispanic,5445.jpg
Latino_Hispanic,2489.jpg
East Asian,7989.jpg
East Asian,7031.jpg
Southeast Asian,1229.jpg
Southeast Asian,10055.jpg
Black,3031.jpg
Indian,5077.jpg
Indian,6712.jpg
Black,7043.jpg
Black,2086.jpg
Latino_Hispanic,1985.jpg
Latino_Hispanic,4808.jpg
Southeast Asian,2833.jpg
Southeast Asian,2219.jpg
White,4480.jpg
Latino_Hispanic,3403.jpg
Southeast Asian,1682.jpg
White,790.jpg
Middle Eastern,3343.jpg
East Asian,4662.jpg
Black,10513.jpg
White,4229.jpg
Indian,10816.jpg
Latino_Hispanic,9610.jpg
Latino_Hispanic,10039.jpg
East Asian,10475.jpg
Southeast Asian,4532.jpg
Black,6005.jpg
Latino_Hispanic,8548.jpg
Middle Eastern,4461.jpg
Indian,6225.jpg
Indian,3223.jpg
White,1928.jpg
East Asian,8505.jpg
Southeast Asian,3102.jpg
East Asian,6795.jpg
Latino_Hispanic,1537.jpg
Southeast Asian,10422.jpg
White,4550.jpg
East Asian,9662.jpg
Middle Eastern,3188.jpg
Latino_Hispanic,1458.jpg
Indian,4213.jpg
Black,4840.jpg
Indian,4604.jpg
White,10179.jpg
Indian,3956.jpg
Indian,1007.jpg
White,2000.jpg
Southeast Asian,1040.jpg
White,10233.jpg
White,6471.jpg
Indian,3245.jpg
East Asian,8288.jpg
Latino_Hispanic,7615.jpg
White,3358.jpg
White,7967.jpg
Middle Eastern,3811.jpg
Black,10743.jpg
Southeast Asian,368.jpg
Latino_Hispanic,2583.jpg
East Asian,3301.jpg
Black,7177.jpg
White,3051.jpg
Indian,91.jpg
Latino_Hispanic,3807.jpg
White,2886.jpg
Indian,10733.jpg
Southeast Asian,4000.jpg
White,3393.jpg
Indian,2674.jpg
Latino_Hispanic,4613.jpg
East Asian,8704.jpg
East Asian,8014.jpg
Indian,5267.jpg
Black,8719.jpg
White,10545.jpg
White,5400.jpg
Middle Eastern,61.jpg
Black,7437.jpg
Latino_Hispanic,5675.jpg
Black,8598.jpg
White,4315.jpg
Latino_Hispanic,10624.jpg
Latino_Hispanic,10081.jpg
Indian,9091.jpg
East Asian,1780.jpg
East Asian,1868.jpg
East Asian,6152.jpg
White,9748.jpg
Latino_Hispanic,66.jpg
East Asian,3922.jpg
Southeast Asian,33.jpg
Indian,5953.jpg
White,383.jpg
East Asian,1968.jpg
Indian,8000.jpg
Middle Eastern,4447.jpg
East Asian,7920.jpg
Latino_Hispanic,311.jpg
Latino_Hispanic,1016.jpg
East Asian,2319.jpg
Indian,2137.jpg
Middle Eastern,8510.jpg
Southeast Asian,6200.jpg
Latino_Hispanic,6503.jpg
Black,504.jpg
White,2234.jpg
East Asian,1700.jpg
Southeast Asian,3041.jpg
Middle Eastern,6260.jpg
Indian,4525.jpg
Southeast Asian,10548.jpg
Latino_Hispanic,10624.jpg
Latino_Hispanic,5507.jpg
Southeast Asian,6060.jpg
Latino_Hispanic,7876.jpg
Black,6381.jpg
Southeast Asian,3898.jpg
Indian,8513.jpg
Indian,1419.jpg
Latino_Hispanic,7691.jpg
Latino_Hispanic,5613.jpg
Indian,7988.jpg
Indian,10595.jpg
White,3682.jpg
Black,2498.jpg
East Asian,10411.jpg
White,5440.jpg
Indian,6630.jpg
Middle Eastern,4745.jpg
Middle Eastern,4927.jpg
East Asian,10101.jpg
Latino_Hispanic,9886.jpg
Indian,8570.jpg
Black,778.jpg
Latino_Hispanic,4576.jpg
White,1858.jpg
Middle Eastern,10578.jpg
Middle Eastern,4817.jpg
Indian,1746.jpg
Middle Eastern,9085.jpg
Black,8937.jpg
Latino_Hispanic,708.jpg
Black,2694.jpg
Latino_Hispanic,9026.jpg
East Asian,7612.jpg
East Asian,5617.jpg
Latino_Hispanic,5649.jpg
Black,4995.jpg
White,10011.jpg
Indian,9499.jpg
Indian,3654.jpg
White,9477.jpg
White,4693.jpg
White,9002.jpg
Southeast Asian,4681.jpg
Black,10568.jpg
East Asian,2.jpg
East Asian,2997.jpg
East Asian,6482.jpg
Indian,4705.jpg
Black,4351.jpg
Indian,9990.jpg
Southeast Asian,7134.jpg
Indian,9361.jpg
Middle Eastern,4761.jpg
White,5880.jpg
Latino_Hispanic,9911.jpg
Latino_Hispanic,2143.jpg
East Asian,8092.jpg
East Asian,284.jpg
Black,7731.jpg
Latino_Hispanic,1416.jpg
Latino_Hispanic,6167.jpg
Middle Eastern,1591.jpg
Indian,5257.jpg
Middle Eastern,405.jpg
Southeast Asian,4431.jpg
Latino_Hispanic,5464.jpg
Latino_Hispanic,4796.jpg
Southeast Asian,5064.jpg
Black,2046.jpg
Black,804.jpg
Indian,3747.jpg
Southeast Asian,10878.jpg
Indian,4025.jpg
East Asian,5350.jpg
Latino_Hispanic,696.jpg
Latino_Hispanic,993.jpg
East Asian,9344.jpg
Indian,969.jpg
White,806.jpg
East Asian,3634.jpg
East Asian,7994.jpg
White,5984.jpg
Southeast Asian,6050.jpg
Black,339.jpg
White,9059.jpg
White,7292.jpg
East Asian,9167.jpg
Latino_Hispanic,3794.jpg
Indian,9380.jpg
Latino_Hispanic,6128.jpg
White,5940.jpg
Black,3696.jpg
Black,8248.jpg
Indian,485.jpg
East Asian,310.jpg
Indian,1949.jpg
Indian,9595.jpg
Latino_Hispanic,7752.jpg
Southeast Asian,10489.jpg
Black,5534.jpg
East Asian,10759.jpg
Southeast Asian,5479.jpg
Middle Eastern,1420.jpg
East Asian,10831.jpg
Southeast Asian,3698.jpg
Indian,10891.jpg
East Asian,1845.jpg
Black,8005.jpg
East Asian,10085.jpg
Indian,3286.jpg
Southeast Asian,4234.jpg
Black,10935.jpg
Southeast Asian,4062.jpg
White,3107.jpg
Black,8454.jpg
Latino_Hispanic,4172.jpg
White,9250.jpg
Indian,4525.jpg
East Asian,2534.jpg
Indian,3294.jpg
Black,1185.jpg
Southeast Asian,7136.jpg
Southeast Asian,7997.jpg
Latino_Hispanic,3830.jpg
Middle Eastern,8353.jpg
East Asian,5048.jpg
East Asian,1368.jpg
Indian,2920.jpg
Latino_Hispanic,6289.jpg
Indian,8879.jpg
Indian,5936.jpg
Middle Eastern,9269.jpg
Middle Eastern,2259.jpg
East Asian,8856.jpg
Southeast Asian,4918.jpg
White,5925.jpg
Indian,5985.jpg
East Asian,1581.jpg
Indian,9374.jpg
Black,9174.jpg
Southeast Asian,9364.jpg
East Asian,3167.jpg
Southeast Asian,3201.jpg
Black,5529.jpg
Black,730.jpg
Latino_Hispanic,9010.jpg
Latino_Hispanic,7418.jpg
Middle Eastern,5882.jpg
Indian,4654.jpg
White,4399.jpg
Latino_Hispanic,3712.jpg
Southeast Asian,6681.jpg
Latino_Hispanic,1464.jpg
Latino_Hispanic,9171.jpg
Middle Eastern,4856.jpg
White,2427.jpg
Indian,8921.jpg
Southeast Asian,5938.jpg
Black,6005.jpg
White,7370.jpg
Latino_Hispanic,9160.jpg
Latino_Hispanic,1395.jpg
Indian,7614.jpg
Southeast Asian,8082.jpg
White,9618.jpg
East Asian,2425.jpg
Black,6339.jpg
East Asian,5364.jpg
Indian,7214.jpg
White,10864.jpg
Indian,1878.jpg
Latino_Hispanic,3214.jpg
Latino_Hispanic,303.jpg
Black,2118.jpg
Middle Eastern,9831.jpg
Latino_Hispanic,7108.jpg
Black,4672.jpg
Indian,2630.jpg
Latino_Hispanic,5509.jpg
White,7883.jpg
East Asian,6543.jpg
East Asian,2235.jpg
East Asian,4793.jpg
Black,3976.jpg
Southeast Asian,8923.jpg
Indian,4671.jpg
Middle Eastern,196.jpg
Black,125.jpg
Black,527.jpg
Black,4786.jpg
East Asian,7768.jpg
White,6707.jpg
Middle Eastern,8356.jpg
Black,5067.jpg
Latino_Hispanic,8644.jpg
East Asian,6661.jpg
Southeast Asian,3023.jpg
Indian,10860.jpg
Southeast Asian,9435.jpg
Southeast Asian,393.jpg
Latino_Hispanic,1080.jpg
Latino_Hispanic,6085.jpg
Indian,8896.jpg
Latino_Hispanic,3114.jpg
Indian,9630.jpg
Latino_Hispanic,9072.jpg
Indian,8389.jpg
Southeast Asian,4621.jpg
Latino_Hispanic,1069.jpg
White,4291.jpg
White,623.jpg
Middle Eastern,903.jpg
East Asian,7590.jpg
Middle Eastern,9699.jpg
Southeast Asian,5987.jpg
East Asian,3745.jpg
Southeast Asian,337.jpg
Latino_Hispanic,716.jpg
Indian,3140.jpg
East Asian,988.jpg
Middle Eastern,3040.jpg
Southeast Asian,3951.jpg
Black,1373.jpg
Indian,2951.jpg
Latino_Hispanic,9797.jpg
White,2120.jpg
East Asian,4743.jpg
Indian,6525.jpg
East Asian,803.jpg
Middle Eastern,6989.jpg
Latino_Hispanic,5486.jpg
Black,3226.jpg
Latino_Hispanic,6949.jpg
Southeast Asian,2219.jpg
East Asian,1750.jpg
White,1444.jpg
Middle Eastern,7346.jpg
Latino_Hispanic,3802.jpg
Latino_Hispanic,8532.jpg
Indian,7056.jpg
Southeast Asian,2728.jpg
White,10374.jpg
Black,5929.jpg
Southeast Asian,6774.jpg
White,10276.jpg
East Asian,5276.jpg
Black,2246.jpg
White,2525.jpg
White,2958.jpg
Latino_Hispanic,8344.jpg
Indian,2470.jpg
Latino_Hispanic,1570.jpg
White,9752.jpg
Latino_Hispanic,9130.jpg
Southeast Asian,5186.jpg
Indian,4153.jpg
Black,9048.jpg
Indian,5830.jpg
East Asian,4506.jpg
East Asian,5337.jpg
Black,8089.jpg
Latino_Hispanic,7144.jpg
Black,2421.jpg
Latino_Hispanic,8548.jpg
East Asian,3406.jpg
Latino_Hispanic,4583.jpg
White,1540.jpg
Southeast Asian,2814.jpg
Latino_Hispanic,1330.jpg
Latino_Hispanic,4579.jpg
Black,6962.jpg
East Asian,1505.jpg
Latino_Hispanic,4201.jpg
Latino_Hispanic,1690.jpg
Latino_Hispanic,6053.jpg
Middle Eastern,6564.jpg
White,7105.jpg
Middle Eastern,9077.jpg
Latino_Hispanic,687.jpg
Middle Eastern,450.jpg
East Asian,7011.jpg
East Asian,5600.jpg
White,8542.jpg
East Asian,6366.jpg
Black,9318.jpg
White,3678.jpg
White,7292.jpg
Southeast Asian,4472.jpg
Black,1357.jpg
Indian,5648.jpg
Indian,1971.jpg
East Asian,1840.jpg
East Asian,4293.jpg
Latino_Hispanic,4094.jpg
East Asian,9617.jpg
Black,6721.jpg
Southeast Asian,93.jpg
Indian,769.jpg
Latino_Hispanic,4944.jpg
Black,2072.jpg
Latino_Hispanic,10508.jpg
East Asian,676.jpg
Southeast Asian,2833.jpg
Indian,7502.jpg
Latino_Hispanic,10209.jpg
Southeast Asian,4531.jpg
Indian,8880.jpg
Latino_Hispanic,725.jpg
Black,6226.jpg
Black,1642.jpg
Latino_Hispanic,2806.jpg
East Asian,8058.jpg
East Asian,6556.jpg
White,8597.jpg
Southeast Asian,2705.jpg
East Asian,6773.jpg
East Asian,6911.jpg
Latino_Hispanic,8258.jpg
Latino_Hispanic,648.jpg
Middle Eastern,6477.jpg
Indian,10520.jpg
Middle Eastern,8060.jpg
Southeast Asian,4914.jpg
White,10167.jpg
East Asian,10886.jpg
Indian,9756.jpg
Black,2761.jpg
White,6660.jpg
Southeast Asian,3688.jpg
Latino_Hispanic,8336.jpg
Latino_Hispanic,9032.jpg
Southeast Asian,4410.jpg
Middle Eastern,10578.jpg
Southeast Asian,6334.jpg
White,1706.jpg
White,8066.jpg
White,7627.jpg
Indian,4344.jpg
White,10476.jpg
Indian,2884.jpg
Indian,7461.jpg
Indian,3405.jpg
Latino_Hispanic,9455.jpg
Latino_Hispanic,5859.jpg
Southeast Asian,8604.jpg
Latino_Hispanic,9822.jpg
East Asian,6501.jpg
White,9857.jpg
Southeast Asian,368.jpg
Middle Eastern,6854.jpg
Latino_Hispanic,2346.jpg
Black,6439.jpg
Southeast Asian,9137.jpg
Black,3624.jpg
Latino_Hispanic,8469.jpg
Latino_Hispanic,2732.jpg
Black,6255.jpg
Black,8519.jpg
Black,2376.jpg
East Asian,1368.jpg
Indian,2674.jpg
White,1764.jpg
East Asian,4453.jpg
Latino_Hispanic,9896.jpg
Southeast Asian,9760.jpg
White,10768.jpg
White,9832.jpg
Latino_Hispanic,6133.jpg
Indian,5068.jpg
Latino_Hispanic,6302.jpg
East Asian,6397.jpg
Black,6346.jpg
Latino_Hispanic,8100.jpg
Latino_Hispanic,7591.jpg
Middle Eastern,10795.jpg
White,2662.jpg
Southeast Asian,2219.jpg
Southeast Asian,2223.jpg
Latino_Hispanic,9396.jpg
Latino_Hispanic,2616.jpg
Indian,3738.jpg
Indian,8345.jpg
East Asian,4371.jpg
Latino_Hispanic,5664.jpg
Middle Eastern,9085.jpg
White,246.jpg
Indian,8758.jpg
Black,10017.jpg
Southeast Asian,7985.jpg
Indian,3725.jpg
Latino_Hispanic,7713.jpg
White,8726.jpg
Indian,9902.jpg
Middle Eastern,8510.jpg
Latino_Hispanic,1211.jpg
Black,10454.jpg
Black,1795.jpg
Latino_Hispanic,10542.jpg
East Asian,3372.jpg
Indian,327.jpg
Indian,2865.jpg
Indian,5952.jpg
Southeast Asian,6701.jpg
Middle Eastern,1307.jpg
Indian,1783.jpg
Latino_Hispanic,9416.jpg
Indian,2393.jpg
Black,7371.jpg
Black,7680.jpg
White,605.jpg
Black,6714.jpg
Black,6199.jpg
Indian,9131.jpg
Black,2956.jpg
Indian,6225.jpg
Black,9048.jpg
White,8789.jpg
Indian,7777.jpg
Indian,1003.jpg
East Asian,1582.jpg
Black,7327.jpg
East Asian,4135.jpg
Black,1894.jpg
Latino_Hispanic,419.jpg
East Asian,6778.jpg
Latino_Hispanic,7171.jpg
Southeast Asian,7121.jpg
Latino_Hispanic,3615.jpg
Latino_Hispanic,2777.jpg
East Asian,10689.jpg
Black,8421.jpg
Southeast Asian,10449.jpg
Black,7043.jpg
White,5428.jpg
Indian,9761.jpg
Latino_Hispanic,4847.jpg
Latino_Hispanic,1464.jpg
Latino_Hispanic,6894.jpg
Indian,335.jpg
Southeast Asian,10922.jpg
Indian,6056.jpg
Latino_Hispanic,620.jpg
Latino_Hispanic,8987.jpg
East Asian,9453.jpg
White,4340.jpg
Black,9995.jpg
Middle Eastern,7776.jpg
East Asian,4296.jpg
Southeast Asian,10301.jpg
East Asian,9762.jpg
Indian,4167.jpg
Latino_Hispanic,8627.jpg
White,9371.jpg
Indian,2703.jpg
Indian,3416.jpg
White,2277.jpg
Southeast Asian,10922.jpg
East Asian,7558.jpg
Indian,2822.jpg
Indian,295.jpg
Indian,6191.jpg
Middle Eastern,10365.jpg
Black,3917.jpg
Latino_Hispanic,9638.jpg
East Asian,5873.jpg
Southeast Asian,7597.jpg
Latino_Hispanic,9512.jpg
Latino_Hispanic,722.jpg
Black,9982.jpg
Middle Eastern,10499.jpg
Latino_Hispanic,3381.jpg
Latino_Hispanic,6470.jpg
Black,5399.jpg
Latino_Hispanic,9650.jpg
White,5724.jpg
Latino_Hispanic,5740.jpg
White,470.jpg
Southeast Asian,8270.jpg
Black,5534.jpg
Indian,8567.jpg
Indian,5901.jpg
Indian,8359.jpg
Indian,9839.jpg
East Asian,3812.jpg
Southeast Asian,3970.jpg
East Asian,4442.jpg
Black,2875.jpg
Southeast Asian,608.jpg
White,45.jpg
Indian,1959.jpg
White,10144.jpg
White,8125.jpg
East Asian,6958.jpg
Black,10469.jpg
Latino_Hispanic,8068.jpg
Indian,7189.jpg
Indian,10722.jpg
Latino_Hispanic,9323.jpg
White,6726.jpg
Black,1899.jpg
Black,1951.jpg
White,7409.jpg
Latino_Hispanic,6968.jpg
Latino_Hispanic,5238.jpg
East Asian,842.jpg
White,9043.jpg
East Asian,6763.jpg
White,3509.jpg
Indian,3490.jpg
Indian,190.jpg
Middle Eastern,2002.jpg
Black,10712.jpg
Black,9014.jpg
East Asian,2618.jpg
Latino_Hispanic,8168.jpg
Indian,452.jpg
White,2120.jpg
East Asian,4601.jpg
Latino_Hispanic,849.jpg
Black,1043.jpg
East Asian,5863.jpg
Latino_Hispanic,3570.jpg
White,5769.jpg
East Asian,101.jpg
Southeast Asian,5053.jpg
Latino_Hispanic,8212.jpg
White,9381.jpg
Latino_Hispanic,5702.jpg
Latino_Hispanic,3827.jpg
East Asian,1766.jpg
Indian,8351.jpg
Latino_Hispanic,7866.jpg
Indian,4266.jpg
Middle Eastern,2422.jpg
East Asian,4466.jpg
East Asian,10881.jpg
Indian,8582.jpg
Latino_Hispanic,2538.jpg
East Asian,1068.jpg
Indian,4961.jpg
Indian,5442.jpg
Indian,4633.jpg
Black,4052.jpg
Southeast Asian,2497.jpg
White,3937.jpg
Indian,10458.jpg
Southeast Asian,4138.jpg
Black,7140.jpg
White,6732.jpg
Indian,9219.jpg
Black,4976.jpg
Indian,1757.jpg
Indian,13.jpg
White,3127.jpg
East Asian,2667.jpg
Southeast Asian,8832.jpg
Black,10751.jpg
White,4253.jpg
Black,9232.jpg
Latino_Hispanic,3082.jpg
East Asian,9478.jpg
Latino_Hispanic,552.jpg
Southeast Asian,6534.jpg
Latino_Hispanic,5292.jpg
Black,197.jpg
East Asian,8508.jpg
East Asian,6953.jpg
East Asian,6189.jpg
East Asian,10753.jpg
Indian,5694.jpg
White,48.jpg
Southeast Asian,7754.jpg
Latino_Hispanic,7070.jpg
Indian,794.jpg
Indian,10360.jpg
Middle Eastern,4484.jpg
Latino_Hispanic,3386.jpg
Middle Eastern,8746.jpg
Black,2758.jpg
White,3602.jpg
White,2811.jpg
East Asian,3388.jpg
Latino_Hispanic,3695.jpg
Southeast Asian,9528.jpg
Black,1199.jpg
Latino_Hispanic,1827.jpg
Indian,2317.jpg
Black,4245.jpg
Middle Eastern,9793.jpg
Latino_Hispanic,3505.jpg
Black,706.jpg
Latino_Hispanic,7827.jpg
Middle Eastern,10655.jpg
White,9741.jpg
Latino_Hispanic,4945.jpg
Middle Eastern,4382.jpg
Southeast Asian,10931.jpg
Black,8161.jpg
White,1691.jpg
White,3937.jpg
Southeast Asian,3428.jpg
Latino_Hispanic,5740.jpg
Indian,969.jpg
Middle Eastern,699.jpg
East Asian,8165.jpg
Latino_Hispanic,3680.jpg
White,6607.jpg
Southeast Asian,7080.jpg
Southeast Asian,6246.jpg
East Asian,3106.jpg
Black,5050.jpg
Southeast Asian,9452.jpg
East Asian,4051.jpg
White,6717.jpg
East Asian,6397.jpg
Southeast Asian,1714.jpg
East Asian,1968.jpg
East Asian,5657.jpg
East Asian,2453.jpg
Indian,3652.jpg
Southeast Asian,9155.jpg
Latino_Hispanic,7230.jpg
Southeast Asian,10908.jpg
Black,2496.jpg
Latino_Hispanic,1599.jpg
Indian,4345.jpg
Latino_Hispanic,981.jpg
White,788.jpg
White,6707.jpg
Black,3514.jpg
Indian,2396.jpg
Indian,3317.jpg
Indian,6584.jpg
Latino_Hispanic,1016.jpg
Black,679.jpg
Southeast Asian,7237.jpg
East Asian,10881.jpg
Southeast Asian,1132.jpg
Indian,10840.jpg
Indian,5396.jpg
Indian,9122.jpg
East Asian,3845.jpg
Latino_Hispanic,3448.jpg
Black,5309.jpg
Indian,5201.jpg
Black,1512.jpg
Indian,9186.jpg
East Asian,8285.jpg
East Asian,524.jpg
Latino_Hispanic,179.jpg
East Asian,4650.jpg
Black,9981.jpg
Black,7157.jpg
White,9187.jpg
Black,10933.jpg
Southeast Asian,8620.jpg
Middle Eastern,5874.jpg
Latino_Hispanic,9442.jpg
Southeast Asian,671.jpg
Black,1551.jpg
Latino_Hispanic,7204.jpg
Latino_Hispanic,9323.jpg
Southeast Asian,10647.jpg
White,5405.jpg
Indian,5997.jpg
Latino_Hispanic,8391.jpg
East Asian,7836.jpg
East Asian,64.jpg
Southeast Asian,2318.jpg
East Asian,4324.jpg
Indian,5825.jpg
Black,7913.jpg
Latino_Hispanic,2489.jpg
East Asian,9377.jpg
East Asian,2744.jpg
Southeast Asian,7742.jpg
East Asian,6892.jpg
Black,614.jpg
Latino_Hispanic,2092.jpg
Latino_Hispanic,8491.jpg
East Asian,8885.jpg
Latino_Hispanic,3310.jpg
Southeast Asian,5941.jpg
Latino_Hispanic,7258.jpg
White,5681.jpg
East Asian,11.jpg
White,6476.jpg
Black,9620.jpg
Black,8937.jpg
Black,4499.jpg
White,9848.jpg
Middle Eastern,6817.jpg
Indian,321.jpg
Indian,4627.jpg
Southeast Asian,3658.jpg
East Asian,5728.jpg
East Asian,8965.jpg
Latino_Hispanic,10236.jpg
Southeast Asian,2998.jpg
East Asian,7319.jpg
Latino_Hispanic,9999.jpg
East Asian,1117.jpg
Latino_Hispanic,5897.jpg
East Asian,2904.jpg
East Asian,3745.jpg
Southeast Asian,5900.jpg
Southeast Asian,4895.jpg
Latino_Hispanic,7472.jpg
Indian,898.jpg
Indian,883.jpg
East Asian,5672.jpg
White,9639.jpg
White,7342.jpg
Middle Eastern,5727.jpg
Indian,5699.jpg
East Asian,9884.jpg
Latino_Hispanic,2346.jpg
East Asian,10002.jpg
Indian,9710.jpg
White,5090.jpg
Latino_Hispanic,5439.jpg
Southeast Asian,7255.jpg
Black,6453.jpg
East Asian,9178.jpg
East Asian,6239.jpg
Black,277.jpg
East Asian,5144.jpg
Middle Eastern,6564.jpg
East Asian,8757.jpg
Indian,9087.jpg
East Asian,2837.jpg
Indian,7547.jpg
White,1283.jpg
East Asian,377.jpg
Indian,4734.jpg
Southeast Asian,3452.jpg
Middle Eastern,6886.jpg
White,9102.jpg
Black,6807.jpg
Latino_Hispanic,10813.jpg
Black,1226.jpg
Black,4078.jpg
White,670.jpg
Middle Eastern,7057.jpg
Southeast Asian,2127.jpg
Latino_Hispanic,4412.jpg
Latino_Hispanic,1619.jpg
East Asian,5590.jpg
Black,3480.jpg
Black,2333.jpg
East Asian,10334.jpg
Southeast Asian,1242.jpg
East Asian,8668.jpg
Southeast Asian,407.jpg
White,9162.jpg
Southeast Asian,1957.jpg
Latino_Hispanic,8316.jpg
White,7627.jpg
Latino_Hispanic,4583.jpg
Black,8164.jpg
Southeast Asian,7629.jpg
Black,5819.jpg
Latino_Hispanic,9689.jpg
Middle Eastern,3160.jpg
East Asian,4743.jpg
Indian,9758.jpg
East Asian,5761.jpg
Latino_Hispanic,6934.jpg
East Asian,7210.jpg
Latino_Hispanic,2189.jpg
White,3767.jpg
Southeast Asian,7145.jpg
Latino_Hispanic,9431.jpg
White,3886.jpg
Indian,4425.jpg
East Asian,9443.jpg
Latino_Hispanic,9747.jpg
White,6932.jpg
Black,4834.jpg
White,10554.jpg
White,8271.jpg
Indian,4002.jpg
Black,2909.jpg
Middle Eastern,7818.jpg
White,7513.jpg
Latino_Hispanic,10072.jpg
White,9752.jpg
Middle Eastern,4881.jpg
Indian,2879.jpg
White,5592.jpg
White,5652.jpg
Black,9534.jpg
Indian,2149.jpg
Latino_Hispanic,8759.jpg
East Asian,1445.jpg
White,9252.jpg
Southeast Asian,10111.jpg
Middle Eastern,8639.jpg
East Asian,8774.jpg
Southeast Asian,2536.jpg
Southeast Asian,317.jpg
East Asian,10018.jpg
Black,7600.jpg
Latino_Hispanic,9282.jpg
Latino_Hispanic,6919.jpg
East Asian,3526.jpg
Latino_Hispanic,6968.jpg
White,10679.jpg
East Asian,7478.jpg
East Asian,6446.jpg
Latino_Hispanic,7425.jpg
Southeast Asian,7934.jpg
Indian,5032.jpg
Latino_Hispanic,9240.jpg
Southeast Asian,28.jpg
Latino_Hispanic,6205.jpg
Latino_Hispanic,8491.jpg
East Asian,7550.jpg
Latino_Hispanic,5129.jpg
Indian,1757.jpg
Southeast Asian,9820.jpg
Latino_Hispanic,5253.jpg
East Asian,3301.jpg
Middle Eastern,3173.jpg
Indian,3342.jpg
Middle Eastern,3659.jpg
Black,5274.jpg
Southeast Asian,10015.jpg
White,2679.jpg
East Asian,6904.jpg
Indian,10520.jpg
Indian,2587.jpg
Indian,8471.jpg
Indian,10419.jpg
Southeast Asian,1597.jpg
Indian,6525.jpg
Middle Eastern,7382.jpg
Middle Eastern,9713.jpg
Latino_Hispanic,7418.jpg
Middle Eastern,2016.jpg
Latino_Hispanic,6664.jpg
East Asian,4432.jpg
East Asian,205.jpg
Latino_Hispanic,1827.jpg
East Asian,367.jpg
Latino_Hispanic,9512.jpg
Indian,2987.jpg
Latino_Hispanic,2605.jpg
White,5440.jpg
Indian,2631.jpg
Southeast Asian,1976.jpg
Black,8738.jpg
Black,551.jpg
Middle Eastern,5207.jpg
Latino_Hispanic,10912.jpg
Middle Eastern,1307.jpg
White,8396.jpg
Latino_Hispanic,2680.jpg
East Asian,4160.jpg
East Asian,6465.jpg
Indian,710.jpg
Southeast Asian,6159.jpg
Indian,2562.jpg
Latino_Hispanic,5760.jpg
Latino_Hispanic,6853.jpg
Southeast Asian,9346.jpg
White,159.jpg
Latino_Hispanic,469.jpg
Latino_Hispanic,7589.jpg
Indian,703.jpg
Indian,10399.jpg
Latino_Hispanic,6941.jpg
White,8271.jpg
East Asian,3412.jpg
Southeast Asian,4138.jpg
Southeast Asian,3734.jpg
Indian,2459.jpg
Black,8026.jpg
Latino_Hispanic,2434.jpg
Indian,1090.jpg
Black,7913.jpg
East Asian,3180.jpg
Black,9029.jpg
Southeast Asian,4276.jpg
Latino_Hispanic,8979.jpg
Latino_Hispanic,8782.jpg
Latino_Hispanic,10813.jpg
Latino_Hispanic,10042.jpg
Middle Eastern,9401.jpg
White,7025.jpg
Middle Eastern,7348.jpg
Indian,7854.jpg
White,4273.jpg
White,9928.jpg
Southeast Asian,4994.jpg
Black,1401.jpg
Indian,7830.jpg
Latino_Hispanic,10802.jpg
East Asian,233.jpg
Latino_Hispanic,6359.jpg
Latino_Hispanic,3398.jpg
Southeast Asian,3809.jpg
Indian,1085.jpg
East Asian,8163.jpg
Indian,10047.jpg
East Asian,8831.jpg
Indian,8273.jpg
Latino_Hispanic,8625.jpg
Black,6120.jpg
Black,560.jpg
Indian,3133.jpg
East Asian,1422.jpg
White,9261.jpg
Latino_Hispanic,1984.jpg
Black,3158.jpg
Latino_Hispanic,4827.jpg
Black,7755.jpg
East Asian,785.jpg
White,8251.jpg
Latino_Hispanic,6716.jpg
Latino_Hispanic,2492.jpg
Latino_Hispanic,8860.jpg
Black,8371.jpg
Latino_Hispanic,1135.jpg
Black,8472.jpg
Black,2708.jpg
White,9738.jpg
Latino_Hispanic,9605.jpg
East Asian,9300.jpg
Latino_Hispanic,3445.jpg
Latino_Hispanic,716.jpg
Middle Eastern,7504.jpg
Indian,1770.jpg
Middle Eastern,10578.jpg
White,9636.jpg
Indian,6377.jpg
Black,830.jpg
Middle Eastern,9105.jpg
White,9935.jpg
Southeast Asian,5355.jpg
Latino_Hispanic,537.jpg
Middle Eastern,10869.jpg
Black,2046.jpg
Southeast Asian,88.jpg
Middle Eastern,1509.jpg
Southeast Asian,1406.jpg
Middle Eastern,10263.jpg
White,1883.jpg
Indian,979.jpg
White,5453.jpg
Black,9948.jpg
Black,10368.jpg
Black,10314.jpg
White,4099.jpg
White,5449.jpg
Middle Eastern,3190.jpg
East Asian,9148.jpg
Indian,6493.jpg
White,7904.jpg
White,743.jpg
Latino_Hispanic,6029.jpg
Black,9307.jpg
Latino_Hispanic,6046.jpg
Indian,8513.jpg
Black,527.jpg
East Asian,3080.jpg
White,9927.jpg
Middle Eastern,518.jpg
Middle Eastern,10421.jpg
Black,4333.jpg
East Asian,234.jpg
Indian,5111.jpg
Latino_Hispanic,7591.jpg
White,7735.jpg
Latino_Hispanic,3576.jpg
Latino_Hispanic,2636.jpg
White,6794.jpg
Latino_Hispanic,4579.jpg
Latino_Hispanic,7173.jpg
Black,4191.jpg
East Asian,4292.jpg
Middle Eastern,15.jpg
Indian,7321.jpg
Southeast Asian,1462.jpg
White,2688.jpg
Indian,6207.jpg
Southeast Asian,10079.jpg
Indian,3844.jpg
Middle Eastern,7551.jpg
White,9343.jpg
Latino_Hispanic,4660.jpg
White,59.jpg
Indian,3953.jpg
East Asian,10087.jpg
Southeast Asian,4753.jpg
East Asian,1891.jpg
Indian,97.jpg
Southeast Asian,7050.jpg
Latino_Hispanic,993.jpg
Latino_Hispanic,8050.jpg
Latino_Hispanic,1274.jpg
Middle Eastern,16.jpg
Indian,2699.jpg
Indian,6182.jpg
East Asian,4004.jpg
East Asian,8463.jpg
Southeast Asian,926.jpg
Indian,6447.jpg
Middle Eastern,10952.jpg
Latino_Hispanic,949.jpg
Black,3193.jpg
White,3823.jpg
Latino_Hispanic,751.jpg
Black,2400.jpg
White,9857.jpg
Southeast Asian,4949.jpg
Latino_Hispanic,8074.jpg
Latino_Hispanic,10675.jpg
East Asian,9111.jpg
White,8515.jpg
Latino_Hispanic,3866.jpg
Indian,5594.jpg
East Asian,8018.jpg
Latino_Hispanic,4757.jpg
Southeast Asian,2320.jpg
White,1965.jpg
Indian,10786.jpg
White,7627.jpg
East Asian,7847.jpg
Southeast Asian,5388.jpg
Black,9721.jpg
White,7003.jpg
Black,125.jpg
Latino_Hispanic,8763.jpg
Black,4565.jpg
Southeast Asian,6185.jpg
Indian,8992.jpg
Indian,2379.jpg
Latino_Hispanic,6890.jpg
Black,6209.jpg
Indian,10359.jpg
East Asian,8917.jpg
Indian,3673.jpg
Indian,8473.jpg
White,6248.jpg
Southeast Asian,10817.jpg
Middle Eastern,1315.jpg
White,9556.jpg
Southeast Asian,5776.jpg
White,3706.jpg
Black,6980.jpg
White,4249.jpg
Black,2217.jpg
Southeast Asian,4739.jpg
Black,2011.jpg
Southeast Asian,1686.jpg
Latino_Hispanic,10627.jpg
White,4792.jpg
Indian,7649.jpg
White,3919.jpg
East Asian,3736.jpg
Black,6160.jpg
Middle Eastern,7236.jpg
East Asian,2617.jpg
East Asian,3745.jpg
Latino_Hispanic,7392.jpg
Indian,2658.jpg
Latino_Hispanic,5435.jpg
Indian,6369.jpg
Black,1962.jpg
White,2647.jpg
Latino_Hispanic,9399.jpg
Middle Eastern,7192.jpg
Southeast Asian,10192.jpg
Latino_Hispanic,686.jpg
Indian,3544.jpg
White,8912.jpg
East Asian,9819.jpg
Southeast Asian,4433.jpg
White,72.jpg
Southeast Asian,10189.jpg
Latino_Hispanic,5884.jpg
White,5871.jpg
East Asian,1068.jpg
Latino_Hispanic,693.jpg
White,3484.jpg
Middle Eastern,5882.jpg
East Asian,2659.jpg
Southeast Asian,307.jpg
East Asian,9298.jpg
White,6095.jpg
Southeast Asian,1720.jpg
Black,2810.jpg
Black,6255.jpg
East Asian,5350.jpg
Latino_Hispanic,402.jpg
Black,8844.jpg
East Asian,5142.jpg
Middle Eastern,895.jpg
Indian,6783.jpg
Black,6852.jpg
Black,8146.jpg
Black,2741.jpg
White,246.jpg
Southeast Asian,1597.jpg
Black,6530.jpg
Indian,7351.jpg
White,1017.jpg
Middle Eastern,7514.jpg
East Asian,2440.jpg
Indian,5231.jpg
East Asian,2876.jpg
Indian,4336.jpg
Southeast Asian,9788.jpg
Latino_Hispanic,6571.jpg
East Asian,2977.jpg
East Asian,1088.jpg
White,7359.jpg
White,2277.jpg
Latino_Hispanic,8362.jpg
Southeast Asian,10079.jpg
Southeast Asian,1437.jpg
Latino_Hispanic,2714.jpg
Latino_Hispanic,9905.jpg
East Asian,10294.jpg
Black,7437.jpg
Indian,9437.jpg
Middle Eastern,6572.jpg
East Asian,1499.jpg
Latino_Hispanic,9978.jpg
East Asian,9503.jpg
Southeast Asian,2612.jpg
East Asian,5296.jpg
Indian,7810.jpg
Indian,4255.jpg
Latino_Hispanic,10109.jpg
White,5010.jpg
Middle Eastern,1101.jpg
Black,10117.jpg
Latino_Hispanic,1013.jpg
Indian,3446.jpg
Southeast Asian,6671.jpg
East Asian,9903.jpg
Indian,8044.jpg
Black,870.jpg
Southeast Asian,10195.jpg
Latino_Hispanic,5160.jpg
Latino_Hispanic,9675.jpg
Indian,25.jpg
Southeast Asian,1214.jpg
Latino_Hispanic,9483.jpg
White,7740.jpg
Southeast Asian,2850.jpg
Indian,3953.jpg
Indian,10088.jpg
Middle Eastern,2364.jpg
Middle Eastern,994.jpg
Black,5066.jpg
Black,302.jpg
Latino_Hispanic,8682.jpg
Indian,6090.jpg
Latino_Hispanic,2327.jpg
Indian,4063.jpg
Middle Eastern,8334.jpg
White,2184.jpg
Middle Eastern,3054.jpg
Middle Eastern,9713.jpg
Southeast Asian,3447.jpg
Black,5406.jpg
Latino_Hispanic,5841.jpg
East Asian,9204.jpg
Middle Eastern,7551.jpg
Southeast Asian,786.jpg
White,8147.jpg
Middle Eastern,5301.jpg
Southeast Asian,572.jpg
White,2157.jpg
Middle Eastern,2311.jpg
Indian,7788.jpg
Indian,4024.jpg
Black,8607.jpg
White,3728.jpg
Southeast Asian,7121.jpg
Middle Eastern,1227.jpg
Latino_Hispanic,4971.jpg
Indian,9211.jpg
Black,10395.jpg
Middle Eastern,4370.jpg
Middle Eastern,6238.jpg
Latino_Hispanic,7204.jpg
Southeast Asian,9541.jpg
Black,9015.jpg
East Asian,6093.jpg
Latino_Hispanic,10069.jpg
Indian,7830.jpg
Middle Eastern,160.jpg
White,4693.jpg
East Asian,8856.jpg
Middle Eastern,7708.jpg
East Asian,567.jpg
Southeast Asian,5116.jpg
Latino_Hispanic,10590.jpg
Black,8844.jpg
Black,5026.jpg
Black,2204.jpg
Indian,4215.jpg
East Asian,2370.jpg
Black,6570.jpg
Southeast Asian,4379.jpg
Black,1651.jpg
Latino_Hispanic,1715.jpg
Black,7398.jpg
Black,5818.jpg
Latino_Hispanic,10540.jpg
Black,6102.jpg
Indian,7051.jpg
East Asian,1644.jpg
Black,4723.jpg
Indian,1254.jpg
White,9436.jpg
White,7368.jpg
East Asian,9096.jpg
Southeast Asian,4265.jpg
White,10444.jpg
East Asian,4462.jpg
Southeast Asian,4748.jpg
Latino_Hispanic,8181.jpg
Black,5235.jpg
White,10276.jpg
East Asian,2160.jpg
Latino_Hispanic,10290.jpg
East Asian,3727.jpg
Indian,10120.jpg
East Asian,3150.jpg
Southeast Asian,5053.jpg
Black,9048.jpg
Southeast Asian,857.jpg
Middle Eastern,10571.jpg
Indian,7126.jpg
East Asian,2628.jpg
Latino_Hispanic,3590.jpg
Indian,1399.jpg
White,8251.jpg
Southeast Asian,2883.jpg
Indian,8335.jpg
Indian,9710.jpg
White,8216.jpg
Southeast Asian,7142.jpg
White,3062.jpg
White,6868.jpg
Latino_Hispanic,2253.jpg
Southeast Asian,10268.jpg
Latino_Hispanic,6947.jpg
Black,10495.jpg
Latino_Hispanic,2857.jpg
White,8781.jpg
White,6698.jpg
East Asian,8853.jpg
Southeast Asian,1774.jpg
East Asian,10021.jpg
Southeast Asian,10189.jpg
Indian,6758.jpg
Black,58.jpg
Southeast Asian,7259.jpg
Indian,4596.jpg
White,8282.jpg
Latino_Hispanic,9589.jpg
Southeast Asian,2019.jpg
Southeast Asian,10238.jpg
Latino_Hispanic,3930.jpg
Indian,8538.jpg
White,3780.jpg
Indian,7479.jpg
Middle Eastern,4125.jpg
Latino_Hispanic,1576.jpg
Latino_Hispanic,4777.jpg
Latino_Hispanic,5151.jpg
Middle Eastern,701.jpg
East Asian,5013.jpg
Southeast Asian,8520.jpg
White,1202.jpg
Indian,4404.jpg
Latino_Hispanic,4703.jpg
Latino_Hispanic,3385.jpg
Latino_Hispanic,303.jpg
Black,6396.jpg
Black,6831.jpg
White,283.jpg
Latino_Hispanic,4579.jpg
Latino_Hispanic,7076.jpg
Middle Eastern,3641.jpg
Indian,7395.jpg
Southeast Asian,3749.jpg
White,2689.jpg
Indian,2205.jpg
White,8623.jpg
Latino_Hispanic,1016.jpg
Indian,6866.jpg
Black,4842.jpg
Middle Eastern,8448.jpg
Middle Eastern,3530.jpg
Black,2788.jpg
Latino_Hispanic,7462.jpg
White,9312.jpg
Indian,5389.jpg
Southeast Asian,2079.jpg
Indian,8499.jpg
Latino_Hispanic,8718.jpg
East Asian,4432.jpg
White,9687.jpg
Southeast Asian,1702.jpg
Indian,997.jpg
Indian,1615.jpg
East Asian,3626.jpg
Black,7437.jpg
Latino_Hispanic,10890.jpg
Indian,7764.jpg
Latino_Hispanic,261.jpg
Indian,2603.jpg
Indian,8122.jpg
Latino_Hispanic,798.jpg
Latino_Hispanic,828.jpg
Latino_Hispanic,3680.jpg
Southeast Asian,2701.jpg
Middle Eastern,10463.jpg
White,7116.jpg
Indian,10401.jpg
Indian,3404.jpg
Indian,9756.jpg
Indian,8218.jpg
Latino_Hispanic,4746.jpg
East Asian,677.jpg
White,1577.jpg
Indian,2387.jpg
East Asian,4150.jpg
East Asian,7773.jpg
Black,1675.jpg
Black,6216.jpg
White,6811.jpg
Black,6692.jpg
White,3919.jpg
East Asian,6661.jpg
Black,4052.jpg
Southeast Asian,9165.jpg
Southeast Asian,9592.jpg
Indian,4961.jpg
Black,6383.jpg
Latino_Hispanic,3560.jpg
White,8789.jpg
Southeast Asian,602.jpg
Southeast Asian,6671.jpg
Southeast Asian,7128.jpg
Middle Eastern,10880.jpg
East Asian,9868.jpg
Latino_Hispanic,1021.jpg
Black,9827.jpg
Southeast Asian,10292.jpg
Southeast Asian,5368.jpg
Middle Eastern,10667.jpg
East Asian,2341.jpg
East Asian,2659.jpg
Latino_Hispanic,2256.jpg
East Asian,5469.jpg
Black,5167.jpg
Middle Eastern,1101.jpg
East Asian,6842.jpg
Black,6952.jpg
Southeast Asian,1873.jpg
Indian,8895.jpg
Latino_Hispanic,4973.jpg
Indian,10187.jpg
Indian,4807.jpg
East Asian,8288.jpg
Latino_Hispanic,8842.jpg
Latino_Hispanic,7506.jpg
Indian,9277.jpg
White,3602.jpg
Black,9494.jpg
Southeast Asian,8785.jpg
Latino_Hispanic,7372.jpg
Black,614.jpg
Black,1887.jpg
Indian,487.jpg
Latino_Hispanic,3884.jpg
Latino_Hispanic,3630.jpg
Black,9672.jpg
Southeast Asian,10526.jpg
Latino_Hispanic,2776.jpg
Indian,3409.jpg
White,3039.jpg
Southeast Asian,10070.jpg
Indian,8777.jpg
Indian,9075.jpg
East Asian,5137.jpg
East Asian,2425.jpg
White,10787.jpg
Black,9492.jpg
Middle Eastern,6817.jpg
Middle Eastern,9352.jpg
Black,8185.jpg
White,3487.jpg
East Asian,10678.jpg
Indian,134.jpg
Indian,1085.jpg
Latino_Hispanic,3873.jpg
Latino_Hispanic,6735.jpg
East Asian,1313.jpg
East Asian,2589.jpg
White,10524.jpg
Latino_Hispanic,8074.jpg
Middle Eastern,3162.jpg
Middle Eastern,8447.jpg
White,1689.jpg
Southeast Asian,1824.jpg
Black,9746.jpg
Southeast Asian,296.jpg
Indian,4458.jpg
Black,2711.jpg
Black,10509.jpg
Black,2622.jpg
Indian,1095.jpg
East Asian,8322.jpg
Indian,1234.jpg
Southeast Asian,1025.jpg
Southeast Asian,9682.jpg
White,6723.jpg
East Asian,1269.jpg
Southeast Asian,5060.jpg
Latino_Hispanic,849.jpg
Southeast Asian,1849.jpg
Latino_Hispanic,4613.jpg
East Asian,3901.jpg
Indian,7569.jpg
Middle Eastern,1494.jpg
Middle Eastern,10898.jpg
White,805.jpg
Latino_Hispanic,27.jpg
Black,3353.jpg
Middle Eastern,4635.jpg
Indian,1419.jpg
Black,9501.jpg
Black,8315.jpg
Indian,2379.jpg
Latino_Hispanic,8213.jpg
White,624.jpg
Latino_Hispanic,9574.jpg
Latino_Hispanic,9779.jpg
Latino_Hispanic,8010.jpg
Indian,7512.jpg
East Asian,3026.jpg
Southeast Asian,353.jpg
Latino_Hispanic,1431.jpg
Black,7360.jpg
Latino_Hispanic,4703.jpg
Middle Eastern,9568.jpg
Latino_Hispanic,6680.jpg
Black,1369.jpg
Southeast Asian,779.jpg
Latino_Hispanic,3208.jpg
East Asian,5310.jpg
Latino_Hispanic,4774.jpg
Latino_Hispanic,4507.jpg
Latino_Hispanic,6236.jpg
Southeast Asian,612.jpg
Latino_Hispanic,1980.jpg
Indian,312.jpg
Middle Eastern,5484.jpg
Latino_Hispanic,1274.jpg
Indian,8582.jpg
East Asian,84.jpg
East Asian,7979.jpg
Latino_Hispanic,1030.jpg
Latino_Hispanic,1715.jpg
Latino_Hispanic,8558.jpg
Middle Eastern,6598.jpg
Indian,8895.jpg
Indian,2603.jpg
White,9480.jpg
Black,7315.jpg
Latino_Hispanic,4576.jpg
East Asian,2597.jpg
Black,4499.jpg
Black,2863.jpg
Middle Eastern,8188.jpg
Latino_Hispanic,5718.jpg
Black,2499.jpg
Indian,10744.jpg
Indian,6171.jpg
Indian,5375.jpg
Black,9015.jpg
Indian,3765.jpg
East Asian,5098.jpg
Indian,5974.jpg
White,6868.jpg
Latino_Hispanic,1192.jpg
Indian,4335.jpg
East Asian,9120.jpg
Indian,3144.jpg
Latino_Hispanic,7892.jpg
Black,2580.jpg
Black,2552.jpg
Latino_Hispanic,9522.jpg
Middle Eastern,5763.jpg
Latino_Hispanic,7744.jpg
Black,830.jpg
Southeast Asian,430.jpg
East Asian,2931.jpg
East Asian,9571.jpg
Southeast Asian,10174.jpg
White,3603.jpg
Latino_Hispanic,9320.jpg
Latino_Hispanic,4825.jpg
White,10329.jpg
East Asian,4572.jpg
Black,81.jpg
White,5692.jpg
Black,2475.jpg
Indian,6830.jpg
Black,2553.jpg
White,9276.jpg
Black,2854.jpg
Indian,10122.jpg
Southeast Asian,9535.jpg
White,257.jpg
Middle Eastern,1161.jpg
Southeast Asian,2375.jpg
East Asian,2384.jpg
East Asian,3106.jpg
Latino_Hispanic,8404.jpg
East Asian,2589.jpg
Southeast Asian,1331.jpg
Indian,5755.jpg
Southeast Asian,9520.jpg
Latino_Hispanic,6292.jpg
White,8349.jpg
Southeast Asian,720.jpg
Latino_Hispanic,3986.jpg
Black,8705.jpg
White,7166.jpg
White,9450.jpg
White,9584.jpg
Southeast Asian,10790.jpg
Latino_Hispanic,10074.jpg
Latino_Hispanic,9189.jpg
Indian,3844.jpg
Southeast Asian,515.jpg
Indian,3179.jpg
Indian,8874.jpg
Black,10322.jpg
Black,10068.jpg
White,5620.jpg
East Asian,4230.jpg
White,8973.jpg
Black,1568.jpg
White,1828.jpg
Black,9099.jpg
Latino_Hispanic,8644.jpg
Latino_Hispanic,3475.jpg
Indian,7582.jpg
Latino_Hispanic,8966.jpg
Black,5399.jpg
White,3594.jpg
Indian,8827.jpg
White,7127.jpg
White,7652.jpg
Black,5492.jpg
White,8835.jpg
White,3594.jpg
Latino_Hispanic,1626.jpg
Latino_Hispanic,4905.jpg
Middle Eastern,9215.jpg
Middle Eastern,8808.jpg
White,3352.jpg
East Asian,4008.jpg
Southeast Asian,107.jpg
White,2590.jpg
White,2237.jpg
Middle Eastern,4468.jpg
White,1210.jpg
Latino_Hispanic,5923.jpg
East Asian,4101.jpg
Indian,9645.jpg
Middle Eastern,10697.jpg
Middle Eastern,5262.jpg
Indian,5323.jpg
Southeast Asian,4234.jpg
East Asian,3410.jpg
East Asian,7374.jpg
East Asian,10281.jpg
Latino_Hispanic,1585.jpg
White,533.jpg
Indian,10815.jpg
Indian,4733.jpg
Indian,10914.jpg
Black,6186.jpg
Latino_Hispanic,7848.jpg
White,10824.jpg
Latino_Hispanic,3082.jpg
Latino_Hispanic,10240.jpg
Indian,2821.jpg
Black,4413.jpg
Latino_Hispanic,2720.jpg
Latino_Hispanic,3389.jpg
Indian,6641.jpg
East Asian,1223.jpg
White,5652.jpg
Latino_Hispanic,5913.jpg
Black,7574.jpg
Black,3092.jpg
Southeast Asian,4727.jpg
Middle Eastern,10247.jpg
Indian,10850.jpg
East Asian,5768.jpg
Southeast Asian,4006.jpg
Middle Eastern,2336.jpg
East Asian,4793.jpg
White,9741.jpg
East Asian,1261.jpg
Southeast Asian,3262.jpg
Latino_Hispanic,7209.jpg
Black,1484.jpg
Middle Eastern,10016.jpg
East Asian,1854.jpg
White,622.jpg
White,8182.jpg
Indian,7272.jpg
Latino_Hispanic,2777.jpg
East Asian,5607.jpg
Middle Eastern,7603.jpg
Latino_Hispanic,5718.jpg
Black,6579.jpg
Southeast Asian,4367.jpg
White,3784.jpg
Indian,1616.jpg
Indian,4841.jpg
Latino_Hispanic,6575.jpg
Middle Eastern,973.jpg
Black,125.jpg
Indian,7189.jpg
Black,9154.jpg
Middle Eastern,2262.jpg
Latino_Hispanic,6167.jpg
White,2980.jpg
Latino_Hispanic,3114.jpg
Southeast Asian,6270.jpg
White,10361.jpg
White,8350.jpg
Indian,7822.jpg
Southeast Asian,6161.jpg
Southeast Asian,3370.jpg
Middle Eastern,9345.jpg
Southeast Asian,10940.jpg
Latino_Hispanic,9067.jpg
Black,5259.jpg
Southeast Asian,5914.jpg
Southeast Asian,10404.jpg
Black,5028.jpg
East Asian,10413.jpg
East Asian,1117.jpg
East Asian,6501.jpg
White,4798.jpg
White,3481.jpg
Black,5525.jpg
Southeast Asian,1096.jpg
East Asian,8743.jpg
Indian,5104.jpg
Indian,10424.jpg
Southeast Asian,10414.jpg
White,5043.jpg
White,4806.jpg
East Asian,2244.jpg
East Asian,8285.jpg
East Asian,2282.jpg
Indian,8945.jpg
Indian,2961.jpg
Southeast Asian,2139.jpg
East Asian,6973.jpg
White,9252.jpg
Southeast Asian,7362.jpg
East Asian,8015.jpg
White,9553.jpg
East Asian,2005.jpg
Middle Eastern,4880.jpg
Indian,2896.jpg
Black,5100.jpg
Latino_Hispanic,6320.jpg
East Asian,6281.jpg
Latino_Hispanic,8405.jpg
Southeast Asian,6541.jpg
East Asian,2038.jpg
Black,2475.jpg
East Asian,7383.jpg
Indian,5283.jpg
Southeast Asian,387.jpg
White,331.jpg
Southeast Asian,5647.jpg
Middle Eastern,6368.jpg
Indian,6846.jpg
Latino_Hispanic,2908.jpg
East Asian,8853.jpg
East Asian,2442.jpg
East Asian,8697.jpg
East Asian,54.jpg
Black,9649.jpg
Southeast Asian,9895.jpg
White,4139.jpg
Middle Eastern,6770.jpg
Black,902.jpg
Indian,1841.jpg
Black,7787.jpg
Black,340.jpg
Latino_Hispanic,9130.jpg
Southeast Asian,5938.jpg
Middle Eastern,4869.jpg
East Asian,2449.jpg
East Asian,7893.jpg
Latino_Hispanic,4103.jpg
White,1346.jpg
East Asian,9021.jpg
East Asian,3939.jpg
Indian,6279.jpg
White,8657.jpg
Black,1302.jpg
East Asian,5392.jpg
Southeast Asian,8977.jpg
Middle Eastern,2655.jpg
East Asian,9772.jpg
White,4342.jpg
Latino_Hispanic,2403.jpg
East Asian,3182.jpg
White,2995.jpg
Indian,3212.jpg
Southeast Asian,513.jpg
East Asian,1489.jpg
Indian,9329.jpg
Latino_Hispanic,3176.jpg
Indian,1234.jpg
Latino_Hispanic,6355.jpg
Latino_Hispanic,9544.jpg
Southeast Asian,7467.jpg
Middle Eastern,3040.jpg
White,44.jpg
Latino_Hispanic,7485.jpg
Indian,4178.jpg
Southeast Asian,7255.jpg
Black,2681.jpg
Black,2694.jpg
Southeast Asian,10775.jpg
Indian,10620.jpg
Indian,8389.jpg
Latino_Hispanic,6887.jpg
Middle Eastern,3702.jpg
White,7188.jpg
White,6361.jpg
East Asian,7984.jpg
White,7366.jpg
White,10679.jpg
Indian,4648.jpg
Latino_Hispanic,1877.jpg
Black,305.jpg
Southeast Asian,4181.jpg
East Asian,9278.jpg
Southeast Asian,1685.jpg
Southeast Asian,2437.jpg
Southeast Asian,2272.jpg
East Asian,4005.jpg
Indian,10205.jpg
East Asian,3616.jpg
Middle Eastern,2558.jpg
Southeast Asian,1361.jpg
Black,7048.jpg
Middle Eastern,4568.jpg
White,5935.jpg
Southeast Asian,7271.jpg
White,5110.jpg
Latino_Hispanic,4207.jpg
East Asian,9880.jpg
Indian,7619.jpg
White,7890.jpg
East Asian,299.jpg
Black,7525.jpg
Indian,9941.jpg
Latino_Hispanic,813.jpg
Indian,194.jpg
Latino_Hispanic,7750.jpg
Middle Eastern,429.jpg
White,3225.jpg
Latino_Hispanic,8625.jpg
Latino_Hispanic,3109.jpg
Indian,4925.jpg
Indian,2057.jpg
Black,9217.jpg
Southeast Asian,3177.jpg
Latino_Hispanic,8432.jpg
East Asian,8709.jpg
White,1339.jpg
East Asian,10087.jpg
Middle Eastern,6564.jpg
Latino_Hispanic,8021.jpg
East Asian,10021.jpg
Black,10865.jpg
Black,10212.jpg
Latino_Hispanic,748.jpg
Indian,4710.jpg
Middle Eastern,109.jpg
White,2900.jpg
Latino_Hispanic,9236.jpg
Black,2421.jpg
Middle Eastern,9003.jpg
Southeast Asian,2159.jpg
East Asian,4462.jpg
Indian,2821.jpg
White,7402.jpg
Latino_Hispanic,6960.jpg
Indian,312.jpg
East Asian,10037.jpg
Black,1969.jpg
Latino_Hispanic,10433.jpg
White,6494.jpg
Southeast Asian,10739.jpg
Southeast Asian,602.jpg
Latino_Hispanic,9024.jpg
Black,9981.jpg
Latino_Hispanic,5193.jpg
Southeast Asian,8028.jpg
Indian,3404.jpg
Indian,5326.jpg
Black,10587.jpg
Indian,10798.jpg
Latino_Hispanic,6879.jpg
Middle Eastern,9170.jpg
Latino_Hispanic,3769.jpg
Southeast Asian,5654.jpg
Middle Eastern,8797.jpg
Black,6240.jpg
Latino_Hispanic,6957.jpg
Latino_Hispanic,7876.jpg
White,5211.jpg
Southeast Asian,8112.jpg
East Asian,5356.jpg
Indian,3738.jpg
White,5460.jpg
Southeast Asian,7651.jpg
Indian,5323.jpg
Latino_Hispanic,2873.jpg
Latino_Hispanic,5796.jpg
East Asian,8856.jpg
Black,3103.jpg
East Asian,8463.jpg
Indian,583.jpg
Black,3715.jpg
Middle Eastern,8128.jpg
Latino_Hispanic,3762.jpg
Black,8437.jpg
White,2101.jpg
Indian,2470.jpg
Indian,5758.jpg
Black,4512.jpg
Latino_Hispanic,8889.jpg
Middle Eastern,6728.jpg
Indian,74.jpg
White,9447.jpg
Indian,2630.jpg
Indian,2430.jpg
Middle Eastern,6252.jpg
Indian,5132.jpg
White,8147.jpg
Southeast Asian,7138.jpg
White,2240.jpg
Black,10373.jpg
Black,2855.jpg
White,4540.jpg
Black,2424.jpg
Latino_Hispanic,2616.jpg
Southeast Asian,10868.jpg
Southeast Asian,7961.jpg
White,4523.jpg
Indian,4031.jpg
Latino_Hispanic,1830.jpg
Black,905.jpg
Black,732.jpg
Latino_Hispanic,980.jpg
Latino_Hispanic,272.jpg
Indian,10902.jpg
Middle Eastern,2457.jpg
Black,5399.jpg
Southeast Asian,2079.jpg
Southeast Asian,2175.jpg
Southeast Asian,4276.jpg
White,1383.jpg
Southeast Asian,10189.jpg
Black,1518.jpg
East Asian,9899.jpg
White,2686.jpg
East Asian,1750.jpg
East Asian,1611.jpg
Black,9303.jpg
Black,382.jpg
Black,6869.jpg
White,5449.jpg
White,3163.jpg
White,4083.jpg
East Asian,5081.jpg
Southeast Asian,612.jpg
East Asian,4019.jpg
Southeast Asian,4328.jpg
Black,2270.jpg
Latino_Hispanic,7071.jpg
Latino_Hispanic,798.jpg
White,6577.jpg
Indian,5326.jpg
Southeast Asian,2125.jpg
East Asian,170.jpg
Indian,5174.jpg
Indian,10666.jpg
White,1275.jpg
Black,7607.jpg
Indian,9305.jpg
Southeast Asian,2833.jpg
Black,2270.jpg
Latino_Hispanic,7506.jpg
East Asian,7107.jpg
Latino_Hispanic,7929.jpg
White,8020.jpg
East Asian,10604.jpg
Indian,8732.jpg
Middle Eastern,9699.jpg
Latino_Hispanic,8041.jpg
Southeast Asian,7699.jpg
Latino_Hispanic,5506.jpg
East Asian,5392.jpg
Indian,8122.jpg
Black,6951.jpg
Latino_Hispanic,2629.jpg
White,866.jpg
White,1513.jpg
Latino_Hispanic,10876.jpg
Latino_Hispanic,10508.jpg
White,10545.jpg
East Asian,1546.jpg
Black,1455.jpg
East Asian,2617.jpg
Latino_Hispanic,5679.jpg
Indian,3477.jpg
Southeast Asian,5280.jpg
Middle Eastern,9955.jpg
White,4698.jpg
Indian,4508.jpg
White,1560.jpg
Southeast Asian,4715.jpg
White,4693.jpg
East Asian,10163.jpg
Latino_Hispanic,4375.jpg
Latino_Hispanic,1439.jpg
Southeast Asian,5338.jpg
Southeast Asian,8112.jpg
White,6095.jpg
Indian,1405.jpg
White,5896.jpg
Southeast Asian,9510.jpg
Indian,9758.jpg
White,9508.jpg
Southeast Asian,3698.jpg
Latino_Hispanic,10566.jpg
Black,155.jpg
East Asian,5143.jpg
White,8826.jpg
Indian,4400.jpg
Latino_Hispanic,4559.jpg
Middle Eastern,5597.jpg
Latino_Hispanic,819.jpg
East Asian,1718.jpg
Latino_Hispanic,4680.jpg
White,3206.jpg
Middle Eastern,9608.jpg
East Asian,4877.jpg
Indian,6079.jpg
Latino_Hispanic,9911.jpg
Indian,9878.jpg
White,20.jpg
East Asian,1263.jpg
Southeast Asian,4193.jpg
Latino_Hispanic,4065.jpg
Middle Eastern,3423.jpg
Latino_Hispanic,8423.jpg
Latino_Hispanic,1344.jpg
Indian,4031.jpg
White,6915.jpg
White,279.jpg
White,3978.jpg
Latino_Hispanic,7972.jpg
East Asian,5374.jpg
Indian,2687.jpg
Indian,10366.jpg
Indian,10501.jpg
Indian,8488.jpg
Indian,8487.jpg
Southeast Asian,8624.jpg
Latino_Hispanic,10227.jpg
Black,5906.jpg
Latino_Hispanic,6941.jpg
East Asian,7385.jpg
Black,198.jpg
